{"version":1,"addons":{"firefox-compact-dark@mozilla.org":{"id":"firefox-compact-dark@mozilla.org","guid":"{141aa108-a5d7-4854-9a74-bb16feefb092}","enabled":true,"installed":true,"modified":1750387631980,"type":"theme","scope":4,"foreignInstall":false,"isSyncable":false},"default-theme@mozilla.org":{"id":"default-theme@mozilla.org","guid":"{00306b98-f524-4d93-8d82-519281c0008a}","enabled":false,"installed":true,"modified":1750387632061,"type":"theme","scope":4,"foreignInstall":false,"isSyncable":false},"formautofill@mozilla.org":{"id":"formautofill@mozilla.org","guid":"{528e5186-03e9-4d81-8d8b-c43e690eb91a}","enabled":true,"installed":true,"modified":1750387683698,"type":"extension","scope":4,"foreignInstall":false,"isSyncable":false},"pictureinpicture@mozilla.org":{"id":"pictureinpicture@mozilla.org","guid":"{3dcfc77b-636f-4ea4-a0d1-4e0e1748f893}","enabled":true,"installed":true,"modified":1750387683699,"type":"extension","scope":4,"foreignInstall":false,"isSyncable":false},"addons-search-detection@mozilla.com":{"id":"addons-search-detection@mozilla.com","guid":"{e5fbad72-4bbe-4002-91d3-9cf4ec037117}","enabled":true,"installed":true,"modified":1750387683699,"type":"extension","scope":4,"foreignInstall":false,"isSyncable":false},"firefox-compact-light@mozilla.org":{"id":"firefox-compact-light@mozilla.org","guid":"{344e07a5-1b8e-44f9-a91e-19b08b0d43db}","enabled":false,"installed":true,"modified":1750387683700,"type":"theme","scope":4,"foreignInstall":false,"isSyncable":false},"webcompat@mozilla.org":{"id":"webcompat@mozilla.org","guid":"{2274ada9-93c1-4a14-b57c-0ca207405e56}","enabled":true,"installed":true,"modified":1750387683700,"type":"extension","scope":1,"foreignInstall":false,"isSyncable":false},"gmp-gmpopenh264":{"id":"gmp-gmpopenh264","enabled":true,"installed":true,"modified":1750387683701,"type":"plugin","scope":4,"foreignInstall":false},"gmp-widevinecdm":{"id":"gmp-widevinecdm","enabled":true,"installed":true,"modified":1750387683701,"type":"plugin","scope":4,"foreignInstall":false},"uBlock0@raymondhill.net":{"id":"uBlock0@raymondhill.net","guid":"{0248d4a4-79a2-44e2-a135-cdc7d824f59c}","enabled":true,"installed":true,"modified":1750387686029,"type":"extension","scope":1,"foreignInstall":false,"isSyncable":true},"{025e0b2c-c19a-4200-af49-0261a285ecfe}":{"id":"{025e0b2c-c19a-4200-af49-0261a285ecfe}","guid":"{be8adc01-0df0-4df9-a4e8-13e06282affd}","enabled":false,"installed":true,"modified":1750387686603,"type":"theme","scope":1,"foreignInstall":false,"isSyncable":true},"chrome-gnome-shell@gnome.org":{"id":"chrome-gnome-shell@gnome.org","guid":"{c3903bba-ec4e-4ff0-b622-d1c39770760f}","enabled":true,"installed":true,"modified":1750387687041,"type":"extension","scope":1,"foreignInstall":false,"isSyncable":true}},"changes":[[1750387631980,1,"firefox-compact-dark@mozilla.org"],[1750387632061,1,"default-theme@mozilla.org"],[1750387683698,1,"formautofill@mozilla.org"],[1750387683699,1,"pictureinpicture@mozilla.org"],[1750387683699,1,"addons-search-detection@mozilla.com"],[1750387683700,1,"firefox-compact-light@mozilla.org"],[1750387683700,1,"webcompat@mozilla.org"],[1750387683701,1,"gmp-gmpopenh264"],[1750387683701,1,"gmp-widevinecdm"],[1750387686029,1,"uBlock0@raymondhill.net"],[1750387686603,1,"{025e0b2c-c19a-4200-af49-0261a285ecfe}"],[1750387687041,1,"chrome-gnome-shell@gnome.org"]]}