{
    "$fdo_created": "1750498839",
    "$fdo_modified": "1751279130",
    "Chrome Keys/Chrome Safe Storage": {
        "$fdo_created": "1750499229",
        "$fdo_mime_type": "text/plain",
        "$fdo_modified": "1750499229",
        "attributes": {
            "server": "Chrome Keys",
            "type": "plaintext",
            "user": "Chrome Safe Storage",
            "xdg:schema": "org.qt.keychain"
        }
    },
    "GitHub - https://api.github.com/NamThieen": {
        "$fdo_created": "1751036119",
        "$fdo_mime_type": "text/plain",
        "$fdo_modified": "1751036119",
        "attributes": {
            "account": "NamThieen",
            "service": "GitHub - https://api.github.com",
            "xdg:schema": "org.freedesktop.Secret.Generic"
        }
    },
    "xdg-desktop-portal/chrome-dajecokkhdaipjdhlfakmmepcahdohll-Default": {
        "$fdo_created": "1751015020",
        "$fdo_modified": "1751015020",
        "attributes": {
            "server": "xdg-desktop-portal",
            "type": "binary",
            "user": "chrome-dajecokkhdaipjdhlfakmmepcahdohll-Default"
        }
    },
    "xdg-desktop-portal/com.google.Chrome": {
        "$fdo_created": "1750860143",
        "$fdo_modified": "1750860143",
        "attributes": {
            "server": "xdg-desktop-portal",
            "type": "binary",
            "user": "com.google.Chrome"
        }
    },
    "xdg-desktop-portal/com.google.Chrome.canary": {
        "$fdo_created": "1750516476",
        "$fdo_modified": "1750516476",
        "attributes": {
            "server": "xdg-desktop-portal",
            "type": "binary",
            "user": "com.google.Chrome.canary"
        }
    },
    "xdg-desktop-portal/com.microsoft.Edge": {
        "$fdo_created": "1751279130",
        "$fdo_modified": "1751279130",
        "attributes": {
            "server": "xdg-desktop-portal",
            "type": "binary",
            "user": "com.microsoft.Edge"
        }
    },
    "xdg-desktop-portal/ftwa-openfront": {
        "$fdo_created": "1750581429",
        "$fdo_modified": "1750581429",
        "attributes": {
            "server": "xdg-desktop-portal",
            "type": "binary",
            "user": "ftwa-openfront"
        }
    },
    "xdg-desktop-portal/google-chrome": {
        "$fdo_created": "1750666521",
        "$fdo_modified": "1750666521",
        "attributes": {
            "server": "xdg-desktop-portal",
            "type": "binary",
            "user": "google-chrome"
        }
    },
    "xdg-desktop-portal/google-chrome-canary": {
        "$fdo_created": "1750508423",
        "$fdo_modified": "1750508423",
        "attributes": {
            "server": "xdg-desktop-portal",
            "type": "binary",
            "user": "google-chrome-canary"
        }
    }
}
