{"addons-search-detection@mozilla.com":{"permissions":["internal:privateBrowsingAllowed","internal:svgContextPropertiesAllowed"],"origins":[],"data_collection":[]},"formautofill@mozilla.org":{"permissions":["internal:privateBrowsingAllowed","internal:svgContextPropertiesAllowed"],"origins":[],"data_collection":[]},"pictureinpicture@mozilla.org":{"permissions":["internal:privateBrowsingAllowed","internal:svgContextPropertiesAllowed"],"origins":[],"data_collection":[]},"webcompat@mozilla.org":{"permissions":["internal:privateBrowsingAllowed","internal:svgContextPropertiesAllowed"],"origins":[],"data_collection":[]},"default-theme@mozilla.org":{"permissions":["internal:privateBrowsingAllowed","internal:svgContextPropertiesAllowed"],"origins":[],"data_collection":[]},"firefox-compact-dark@mozilla.org":{"permissions":["internal:privateBrowsingAllowed"],"origins":[],"data_collection":[]},"chrome-gnome-shell@gnome.org":{"permissions":[],"origins":["https://extensions.gnome.org/*","https://extensions-next.gnome.org/*"],"data_collection":[]}}