{"schemaVersion":37,"addons":[{"id":"formautofill@mozilla.org","syncGUID":"{528e5186-03e9-4d81-8d8b-c43e690eb91a}","version":"1.0.1","type":"extension","loader":null,"updateURL":null,"installOrigins":null,"manifestVersion":2,"optionsURL":null,"optionsType":null,"optionsBrowserStyle":true,"aboutURL":null,"defaultLocale":{"name":"Form Autofill","creator":null,"developers":null,"translators":null,"contributors":null},"visible":true,"active":true,"userDisabled":false,"appDisabled":false,"embedderDisabled":false,"applyBackgroundUpdates":1,"skinnable":false,"sourceURI":null,"releaseNotesURI":null,"softDisabled":false,"foreignInstall":false,"strictCompatibility":true,"locales":[],"targetApplications":[{"id":"toolkit@mozilla.org","minVersion":null,"maxVersion":null}],"targetPlatforms":[],"signedDate":null,"seen":true,"dependencies":[],"incognito":"spanning","userPermissions":{"permissions":[],"origins":[],"data_collection":[]},"optionalPermissions":{"permissions":[],"origins":[],"data_collection":[]},"requestedPermissions":{"permissions":[],"origins":[],"data_collection":[]},"icons":{},"iconURL":null,"blocklistAttentionDismissed":false,"blocklistState":0,"blocklistURL":null,"startupData":null,"hidden":true,"installTelemetryInfo":null,"recommendationState":null,"rootURI":"resource://builtin-addons/formautofill/","location":"app-builtin-addons"},{"id":"pictureinpicture@mozilla.org","syncGUID":"{3dcfc77b-636f-4ea4-a0d1-4e0e1748f893}","version":"1.0.0","type":"extension","loader":null,"updateURL":null,"installOrigins":null,"manifestVersion":2,"optionsURL":null,"optionsType":null,"optionsBrowserStyle":true,"aboutURL":null,"defaultLocale":{"name":"Picture-In-Picture","description":"Fixes for web compatibility with Picture-in-Picture","creator":null,"developers":null,"translators":null,"contributors":null},"visible":true,"active":true,"userDisabled":false,"appDisabled":false,"embedderDisabled":false,"applyBackgroundUpdates":1,"skinnable":false,"sourceURI":null,"releaseNotesURI":null,"softDisabled":false,"foreignInstall":false,"strictCompatibility":true,"locales":[],"targetApplications":[{"id":"toolkit@mozilla.org","minVersion":"88.0a1","maxVersion":null}],"targetPlatforms":[],"signedDate":null,"seen":true,"dependencies":[],"incognito":"spanning","userPermissions":{"permissions":[],"origins":[],"data_collection":[]},"optionalPermissions":{"permissions":[],"origins":[],"data_collection":[]},"requestedPermissions":{"permissions":[],"origins":[],"data_collection":[]},"icons":{},"iconURL":null,"blocklistAttentionDismissed":false,"blocklistState":0,"blocklistURL":null,"startupData":null,"hidden":true,"installTelemetryInfo":null,"recommendationState":null,"rootURI":"resource://builtin-addons/pictureinpicture/","location":"app-builtin-addons"},{"id":"addons-search-detection@mozilla.com","syncGUID":"{e5fbad72-4bbe-4002-91d3-9cf4ec037117}","version":"2.0.0","type":"extension","loader":null,"updateURL":null,"installOrigins":null,"manifestVersion":2,"optionsURL":null,"optionsType":null,"optionsBrowserStyle":true,"aboutURL":null,"defaultLocale":{"name":"Add-ons Search Detection","description":"","creator":null,"developers":null,"translators":null,"contributors":null},"visible":true,"active":true,"userDisabled":false,"appDisabled":false,"embedderDisabled":false,"applyBackgroundUpdates":1,"skinnable":false,"sourceURI":null,"releaseNotesURI":null,"softDisabled":false,"foreignInstall":false,"strictCompatibility":true,"locales":[],"targetApplications":[{"id":"toolkit@mozilla.org","minVersion":null,"maxVersion":null}],"targetPlatforms":[],"signedDate":null,"seen":true,"dependencies":[],"incognito":"spanning","userPermissions":{"permissions":["telemetry","webRequest","webRequestBlocking"],"origins":["<all_urls>"],"data_collection":[]},"optionalPermissions":{"permissions":[],"origins":[],"data_collection":[]},"requestedPermissions":{"permissions":[],"origins":[],"data_collection":[]},"icons":{},"iconURL":null,"blocklistAttentionDismissed":false,"blocklistState":0,"blocklistURL":null,"startupData":null,"hidden":true,"installTelemetryInfo":null,"recommendationState":null,"rootURI":"resource://builtin-addons/search-detection/","location":"app-builtin-addons"},{"id":"webcompat@mozilla.org","syncGUID":"{b83c80c6-9e86-4387-8cd5-238150d0211c}","version":"139.13.0","type":"extension","loader":null,"updateURL":null,"installOrigins":null,"manifestVersion":2,"optionsURL":null,"optionsType":null,"optionsBrowserStyle":true,"aboutURL":null,"defaultLocale":{"name":"Web Compatibility Interventions","description":"Urgent post-release fixes for web compatibility.","creator":null,"developers":null,"translators":null,"contributors":null},"visible":false,"active":false,"userDisabled":false,"appDisabled":false,"embedderDisabled":false,"applyBackgroundUpdates":1,"skinnable":false,"sourceURI":null,"releaseNotesURI":null,"softDisabled":false,"foreignInstall":false,"strictCompatibility":true,"locales":[],"targetApplications":[{"id":"toolkit@mozilla.org","minVersion":"102.0","maxVersion":null}],"targetPlatforms":[],"signedDate":null,"seen":true,"dependencies":[],"incognito":"spanning","userPermissions":{"permissions":["cookies","mozillaAddons","scripting","tabs","webNavigation","webRequest","webRequestBlocking"],"origins":["<all_urls>"],"data_collection":[]},"optionalPermissions":{"permissions":[],"origins":[],"data_collection":[]},"requestedPermissions":{"permissions":[],"origins":[],"data_collection":[]},"icons":{},"iconURL":null,"blocklistAttentionDismissed":false,"blocklistState":0,"blocklistURL":null,"startupData":null,"hidden":true,"installTelemetryInfo":null,"recommendationState":null,"rootURI":"resource://builtin-addons/webcompat/","location":"app-builtin-addons"},{"id":"default-theme@mozilla.org","syncGUID":"{00306b98-f524-4d93-8d82-519281c0008a}","version":"1.4.1","type":"theme","loader":null,"updateURL":null,"installOrigins":null,"manifestVersion":2,"optionsURL":null,"optionsType":null,"optionsBrowserStyle":true,"aboutURL":null,"defaultLocale":{"name":"System theme — auto","description":"Follow the operating system setting for buttons, menus, and windows.","creator":"Mozilla","developers":null,"translators":null,"contributors":null},"visible":true,"active":false,"userDisabled":true,"appDisabled":false,"embedderDisabled":false,"installDate":1750343174485,"applyBackgroundUpdates":1,"path":null,"skinnable":false,"sourceURI":null,"releaseNotesURI":null,"softDisabled":false,"foreignInstall":false,"strictCompatibility":true,"locales":[],"targetApplications":[{"id":"toolkit@mozilla.org","minVersion":null,"maxVersion":null}],"targetPlatforms":[],"signedDate":null,"seen":true,"dependencies":[],"userPermissions":null,"optionalPermissions":null,"requestedPermissions":null,"icons":{"32":"icon.svg"},"iconURL":null,"blocklistAttentionDismissed":false,"blocklistState":0,"blocklistURL":null,"startupData":null,"hidden":false,"installTelemetryInfo":null,"recommendationState":null,"rootURI":"resource://default-theme/","location":"app-builtin"},{"id":"firefox-compact-light@mozilla.org","syncGUID":"{344e07a5-1b8e-44f9-a91e-19b08b0d43db}","version":"1.3.2","type":"theme","loader":null,"updateURL":null,"installOrigins":null,"manifestVersion":2,"optionsURL":null,"optionsType":null,"optionsBrowserStyle":true,"aboutURL":null,"defaultLocale":{"name":"Light","description":"A theme with a light color scheme.","creator":"Mozilla","developers":null,"translators":null,"contributors":null},"visible":true,"active":false,"userDisabled":true,"appDisabled":false,"embedderDisabled":false,"installDate":1750343178960,"applyBackgroundUpdates":1,"path":null,"skinnable":false,"sourceURI":null,"releaseNotesURI":null,"softDisabled":false,"foreignInstall":false,"strictCompatibility":true,"locales":[],"targetApplications":[{"id":"toolkit@mozilla.org","minVersion":null,"maxVersion":null}],"targetPlatforms":[],"signedDate":null,"seen":true,"dependencies":[],"userPermissions":null,"optionalPermissions":null,"requestedPermissions":null,"icons":{"32":"icon.svg"},"iconURL":null,"blocklistAttentionDismissed":false,"blocklistState":0,"blocklistURL":null,"startupData":null,"hidden":false,"installTelemetryInfo":null,"recommendationState":null,"rootURI":"resource://builtin-themes/light/","location":"app-builtin"},{"id":"firefox-compact-dark@mozilla.org","syncGUID":"{141aa108-a5d7-4854-9a74-bb16feefb092}","version":"1.3.3","type":"theme","loader":null,"updateURL":null,"installOrigins":null,"manifestVersion":2,"optionsURL":null,"optionsType":null,"optionsBrowserStyle":true,"aboutURL":null,"defaultLocale":{"name":"Dark","description":"A theme with a dark color scheme.","creator":"Mozilla","developers":null,"translators":null,"contributors":null},"visible":true,"active":true,"userDisabled":false,"appDisabled":false,"embedderDisabled":false,"installDate":1750343178964,"applyBackgroundUpdates":1,"path":null,"skinnable":false,"sourceURI":null,"releaseNotesURI":null,"softDisabled":false,"foreignInstall":false,"strictCompatibility":true,"locales":[],"targetApplications":[{"id":"toolkit@mozilla.org","minVersion":null,"maxVersion":null}],"targetPlatforms":[],"signedDate":null,"seen":true,"dependencies":[],"userPermissions":null,"optionalPermissions":null,"requestedPermissions":null,"icons":{"32":"icon.svg"},"iconURL":null,"blocklistAttentionDismissed":false,"blocklistState":0,"blocklistURL":null,"startupData":null,"hidden":false,"installTelemetryInfo":null,"recommendationState":null,"rootURI":"resource://builtin-themes/dark/","location":"app-builtin"},{"id":"webcompat@mozilla.org","syncGUID":"{2274ada9-93c1-4a14-b57c-0ca207405e56}","version":"140.7.20250522.151919","type":"extension","loader":null,"updateURL":null,"installOrigins":null,"manifestVersion":2,"optionsURL":null,"optionsType":null,"optionsBrowserStyle":true,"aboutURL":null,"defaultLocale":{"name":"Web Compatibility Interventions","description":"Urgent post-release fixes for web compatibility.","creator":null,"developers":null,"translators":null,"contributors":null},"visible":true,"active":true,"userDisabled":false,"appDisabled":false,"embedderDisabled":false,"installDate":1750343214100,"updateDate":1750343214100,"applyBackgroundUpdates":1,"path":"/home/nam/.zen/2d50h8ba.Default (release)/features/{c3e27fd8-78f7-4e28-ad6d-a26a5900516a}/webcompat@mozilla.org.xpi","skinnable":false,"sourceURI":"file:///home/nam/.var/app/app.zen_browser.zen/cache/tmp/tmpaddon","releaseNotesURI":null,"softDisabled":false,"foreignInstall":false,"strictCompatibility":true,"locales":[],"targetApplications":[{"id":"toolkit@mozilla.org","minVersion":"102.0","maxVersion":null}],"targetPlatforms":[],"signedState":3,"signedTypes":[2,1],"signedDate":1747928165000,"seen":true,"dependencies":[],"incognito":"spanning","userPermissions":{"permissions":["cookies","mozillaAddons","scripting","tabs","webNavigation","webRequest","webRequestBlocking"],"origins":["<all_urls>"],"data_collection":[]},"optionalPermissions":{"permissions":[],"origins":[],"data_collection":[]},"requestedPermissions":{"permissions":[],"origins":[],"data_collection":[]},"icons":{},"iconURL":null,"blocklistAttentionDismissed":false,"blocklistState":0,"blocklistURL":null,"startupData":null,"hidden":true,"installTelemetryInfo":{"source":"system-addon","method":"product-updates"},"recommendationState":null,"rootURI":"jar:file:///home/nam/.zen/2d50h8ba.Default%20(release)/features/%7Bc3e27fd8-78f7-4e28-ad6d-a26a5900516a%7D/webcompat@mozilla.org.xpi!/","location":"app-system-addons"},{"id":"uBlock0@raymondhill.net","syncGUID":"{0248d4a4-79a2-44e2-a135-cdc7d824f59c}","version":"1.64.0","type":"extension","loader":null,"updateURL":null,"installOrigins":null,"manifestVersion":2,"optionsURL":"dashboard.html","optionsType":3,"optionsBrowserStyle":false,"aboutURL":null,"defaultLocale":{"name":"uBlock Origin","description":"Finally, an efficient blocker. Easy on CPU and memory.","creator":"Raymond Hill & contributors","developers":null,"translators":null,"contributors":null},"visible":true,"active":true,"userDisabled":false,"appDisabled":false,"embedderDisabled":false,"installDate":1750387686027,"updateDate":1750387686027,"applyBackgroundUpdates":1,"path":"/home/nam/.zen/2d50h8ba.Default (release)/extensions/uBlock0@raymondhill.net.xpi","skinnable":false,"sourceURI":"https://addons.mozilla.org/firefox/downloads/file/4492375/ublock_origin-1.64.0.xpi","releaseNotesURI":null,"softDisabled":false,"foreignInstall":false,"strictCompatibility":true,"locales":[{"name":"uBlock Origin","description":"Finally, an efficient blocker. Easy on CPU and memory.","creator":"Raymond Hill & contributors","developers":null,"translators":null,"contributors":null,"locales":["en"]},{"name":"uBlock Origin","description":"高効率ブロッカーついに登場。CPU とメモリーに負担をかけません。","creator":"Raymond Hill & contributors","developers":null,"translators":null,"contributors":null,"locales":["ja"]},{"name":"uBlock Origin","description":"Lõpuks on valminud tõhus blokeerija. Protsessori- ja mälusõbralik.","creator":"Raymond Hill & contributors","developers":null,"translators":null,"contributors":null,"locales":["et"]},{"name":"uBlock Origin","description":"Enfin un blocador eficaç. Sollicita pauc lo CPU e la memòria","creator":"Raymond Hill & contributors","developers":null,"translators":null,"contributors":null,"locales":["oc"]},{"name":"uBlock Origin","description":"Finalmente, um bloqueador eficiente. Leve na CPU e memória.","creator":"Raymond Hill & contributors","developers":null,"translators":null,"contributors":null,"locales":["pt-PT"]},{"name":"uBlock Origin","description":"O'r diwedd, rhwystrydd effeithlon sy'n gwell ar y CPU a'r cof.","creator":"Raymond Hill & contributors","developers":null,"translators":null,"contributors":null,"locales":["cy"]},{"name":"uBlock Origin","description":"Un bloqueur de nuisances efficace, qui ménagera votre processeur et votre mémoire vive.","creator":"Raymond Hill & contributors","developers":null,"translators":null,"contributors":null,"locales":["fr"]},{"name":"uBlock Origin","description":"Einlik, in effisjinte adblocker. Brûkt hast gjin prosessorkrêft of ûnthâld.","creator":"Raymond Hill & contributors","developers":null,"translators":null,"contributors":null,"locales":["fy"]},{"name":"uBlock Origin","description":"ਆਖਰਕਾਰ ਪ੍ਰਭਾਵੀ ਬਲੌਕਰ ਹੈ। CPU ਅਤੇ ਮੈਮੋਰੀ ਲਈ ਸੌਖਾ।","creator":"Raymond Hill & contributors","developers":null,"translators":null,"contributors":null,"locales":["pa"]},{"name":"uBlock Origin","description":"Най-накрая, ефективен блокер. Щадящ процесора и паметта.","creator":"Raymond Hill & contributors","developers":null,"translators":null,"contributors":null,"locales":["bg"]},{"name":"uBlock Origin","description":"Akhirnya, pemblokir iklan yang efisien. Ringan penggunaan CPU dan memori.","creator":"Raymond Hill & contributors","developers":null,"translators":null,"contributors":null,"locales":["id"]},{"name":"uBlock Origin","description":"একটি শক্তিশালী বিজ্ঞাপন প্রতিরোধক, অবশেষে তৈরী হল। যা সিপিইউ এবং মেমরির জন্য সহনীয়।","creator":"Raymond Hill & contributors","developers":null,"translators":null,"contributors":null,"locales":["bn"]},{"name":"uBlock Origin","description":"Behingoz, blokeatzaile eraginkor bat. PUZ eta memorian arina.","creator":"Raymond Hill & contributors","developers":null,"translators":null,"contributors":null,"locales":["eu"]},{"name":"uBlock Origin","description":"Ugu dambeyntii, xannibaado hufan. Ku fudud oo ku saabsan CPU iyo xusuusta.","creator":"Raymond Hill & contributors","developers":null,"translators":null,"contributors":null,"locales":["so"]},{"name":"uBlock Origin","description":"Äntligen en effektiv blockerare. Lätt för både processor och minne.","creator":"Raymond Hill & contributors","developers":null,"translators":null,"contributors":null,"locales":["sv"]},{"name":"uBlock Origin","description":"Konečně efektivní blokovač. Nezatěžuje CPU a paměť.","creator":"Raymond Hill & contributors","developers":null,"translators":null,"contributors":null,"locales":["cs"]},{"name":"uBlock Origin","description":"Végre egy hatékony reklám- és követésblokkoló böngészőkhöz, amely kíméletes a processzorral és a memóriával.","creator":"Raymond Hill & contributors","developers":null,"translators":null,"contributors":null,"locales":["hu"]},{"name":"uBlock Origin","description":"ಕೊನೆಗೆ, ಒಂದು ದಕ್ಷ ನಿರ್ಬಂಧಕ. ಮಿತವಾದ ಸಿಪಿಯೂ ಹಾಗು ಮೆಮೊರಿ ಬಳಿಕೇಒಂದಿಗೆ .","creator":"Raymond Hill & contributors","developers":null,"translators":null,"contributors":null,"locales":["kn"]},{"name":"uBlock Origin","description":"آخر کار، ایک مؤثر اشتہار کو روکنے والا، یہ کم cpu اور میموری لیتا ہے.","creator":"Raymond Hill & contributors","developers":null,"translators":null,"contributors":null,"locales":["ur"]},{"name":"uBlock Origin","description":"Finfine rendimenta reklamoblokilo. Afabla por ĉefprocesoro kaj memoro.","creator":"Raymond Hill & contributors","developers":null,"translators":null,"contributors":null,"locales":["eo"]},{"name":"uBlock Origin","description":"අවසානයේදී, මධ්‍ය සැකසුම් ඒකකය සහ මතකය අඩුවෙන් භාවිතා කරන කාර්යක්‍ෂම අවහිරකයක් ඇත.","creator":"Raymond Hill & contributors","developers":null,"translators":null,"contributors":null,"locales":["si"]},{"name":"uBlock Origin","description":"Hatimaye, kizuizi kinachofaa. Nyepesi kwenye CPU na kumbukumbu.","creator":"Raymond Hill & contributors","developers":null,"translators":null,"contributors":null,"locales":["sw"]},{"name":"uBlock Origin","description":"Cuối cùng, đã có một công cụ chặn quảng cáo hiệu quả, tiêu tốn ít CPU và bộ nhớ.","creator":"Raymond Hill & contributors","developers":null,"translators":null,"contributors":null,"locales":["vi"]},{"name":"uBlock Origin","description":"როგორც იქნა, მძლავრი და შედეგიანი რეკლამების შემზღუდავი. ზოგავს CPU-ს და მეხსიერებას.","creator":"Raymond Hill & contributors","developers":null,"translators":null,"contributors":null,"locales":["ka"]},{"name":"uBlock Origin","description":"Më në fund, një bllokues efikas që nuk e rëndon procesorin dhe memorien.","creator":"Raymond Hill & contributors","developers":null,"translators":null,"contributors":null,"locales":["sq"]},{"name":"uBlock Origin","description":"आख़िरकार, क्रोमियम-बेस्ड ब्राउज़रों के लिए एक कुशल अवरोधक। सीपीयू और मेमोरी पर कम भार के साथ।\n","creator":"Raymond Hill & contributors","developers":null,"translators":null,"contributors":null,"locales":["hi"]},{"name":"uBlock Origin","description":"Pagaliau, efektyvus blokatorius, neapkraunantis nei procesoriaus, nei darbinės atminties.","creator":"Raymond Hill & contributors","developers":null,"translators":null,"contributors":null,"locales":["lt"]},{"name":"uBlock Origin","description":"మొత్తానికి RAM ఇంకా CPU పై తేలికయిన, ఒక సమర్థవంతమైన నిరోధిని.","creator":"Raymond Hill & contributors","developers":null,"translators":null,"contributors":null,"locales":["te"]},{"name":"uBlock Origin","description":"이 부가 기능은 효율적인 차단기입니다. CPU와 메모리에 주는 부담이 적습니다.","creator":"Raymond Hill & contributors","developers":null,"translators":null,"contributors":null,"locales":["ko"]},{"name":"uBlock Origin","description":"Endelig en effektiv blokkeringsutvidelse. Lavt CPU- og minnebruk.","creator":"Raymond Hill & contributors","developers":null,"translators":null,"contributors":null,"locales":["no"]},{"name":"uBlock Origin","description":"இறுதியாக, ஒரு திறமையான விளம்பரத் தடுப்பான். கணினியின் மையச் செயற்பகுதியின் மேலும் நினைவகத்தின் மேலும் இலகுவானது.","creator":"Raymond Hill & contributors","developers":null,"translators":null,"contributors":null,"locales":["ta"]},{"name":"uBlock Origin","description":"Axır ki, prosessor və yaddaş yükünü azaldan səmərəli bir əngəlləyici var.","creator":"Raymond Hill & contributors","developers":null,"translators":null,"contributors":null,"locales":["az"]},{"name":"uBlock Origin","description":"Endlich ein effizienter Blocker, der wenig Prozessorleistung und Arbeitsspeicher verbraucht.","creator":"Raymond Hill & contributors","developers":null,"translators":null,"contributors":null,"locales":["de"]},{"name":"uBlock Origin","description":"Ефективний блокувальник реклами таки з’явився. Не навантажує процесор та пам'ять.","creator":"Raymond Hill & contributors","developers":null,"translators":null,"contributors":null,"locales":["uk"]},{"name":"uBlock Origin","description":"มาแล้ว! โปรแกรมบล็อกโฆษณาได้อย่างมีประสิทธิภาพ โดยที่ไม่กินซีพียูหรือแรม","creator":"Raymond Hill & contributors","developers":null,"translators":null,"contributors":null,"locales":["th"]},{"name":"uBlock Origin","description":"शेवटी, एक कार्यक्षम ब्लॉकर क्रोमियम आधारित ब्राउझरांसाठी. सीपीयू आणि मेमरी वर सोपे जातो.","creator":"Raymond Hill & contributors","developers":null,"translators":null,"contributors":null,"locales":["mr"]},{"name":"uBlock Origin","description":"Finalmente, un blocker efficiente. Leggero sulla CPU e sulla memoria.","creator":"Raymond Hill & contributors","developers":null,"translators":null,"contributors":null,"locales":["it"]},{"name":"uBlock Origin","description":"Finally, an efficient blocker. Easy on CPU and memory.","creator":"Raymond Hill & contributors","developers":null,"translators":null,"contributors":null,"locales":["en-GB"]},{"name":"uBlock Origin","description":"وأخيراً, مانع اعلانات كفوء. خفيف على المعالج و الذاكرة.","creator":"Raymond Hill & contributors","developers":null,"translators":null,"contributors":null,"locales":["ar"]},{"name":"uBlock Origin","description":"Endelig en effektiv blokkeringsutvidelse. Lavt CPU- og minnebruk.","creator":"Raymond Hill & contributors","developers":null,"translators":null,"contributors":null,"locales":["nb"]},{"name":"uBlock Origin","description":"Конечно, ефикасен блокер. Лесен на CPU и меморија.","creator":"Raymond Hill & contributors","developers":null,"translators":null,"contributors":null,"locales":["mk"]},{"name":"uBlock Origin","description":"Ó fin, un bloqueador eficiente que non chupa toda a memoria e o procesador.","creator":"Raymond Hill & contributors","developers":null,"translators":null,"contributors":null,"locales":["gl"]},{"name":"uBlock Origin","description":"Finalment, un blocador eficient que utilitza pocs recursos de memòria i processador.","creator":"Raymond Hill & contributors","developers":null,"translators":null,"contributors":null,"locales":["ca"]},{"name":"uBlock Origin","description":"Konečne efektívny blokovač. Nezaťažuje CPU ani pamäť.","creator":"Raymond Hill & contributors","developers":null,"translators":null,"contributors":null,"locales":["sk"]},{"name":"uBlock Origin","description":"Коначно, ефикасан блокатор. Ниски процесорски и меморијски захтеви.","creator":"Raymond Hill & contributors","developers":null,"translators":null,"contributors":null,"locales":["sr"]},{"name":"uBlock Origin","description":"Тинех Интернет тишкерӳҫӗ валли хӑвӑрт та витӗмлӗ чаркӑч пур.","creator":"Raymond Hill & contributors","developers":null,"translators":null,"contributors":null,"locales":["cv"]},{"name":"uBlock Origin","description":"Akhirnya, penyekat yang cekap. Tidak membebankan CPU dan memori.","creator":"Raymond Hill & contributors","developers":null,"translators":null,"contributors":null,"locales":["ms"]},{"name":"uBlock Origin","description":"അവസാനം, ഒരു കാര്യക്ഷമമായ ബ്ലോക്കര്‍. ലഘുവായ CPU, memory ഉപയോഗം.","creator":"Raymond Hill & contributors","developers":null,"translators":null,"contributors":null,"locales":["ml"]},{"name":"uBlock Origin","description":"一款高效的网络请求过滤工具，占用极低的内存和 CPU。","creator":"Raymond Hill & contributors","developers":null,"translators":null,"contributors":null,"locales":["zh-CN"]},{"name":"uBlock Origin","description":"بالاخره، یک بلاکر کارآمد. کم حجم بر روی پردازنده و حافظه.","creator":"Raymond Hill & contributors","developers":null,"translators":null,"contributors":null,"locales":["fa"]},{"name":"uBlock Origin","description":"Наконец-то, быстрый и эффективный блокировщик для браузеров.","creator":"Raymond Hill & contributors","developers":null,"translators":null,"contributors":null,"locales":["ru"]},{"name":"uBlock Origin","description":"Nareszcie skuteczny bloker charakteryzujący się niskim użyciem procesora i pamięci.","creator":"Raymond Hill & contributors","developers":null,"translators":null,"contributors":null,"locales":["pl"]},{"name":"uBlock Origin","description":"Končno, učinkovita, procesorju in pomnilniku prijazna razširitev za blokiranje oglasov.","creator":"Raymond Hill & contributors","developers":null,"translators":null,"contributors":null,"locales":["sl"]},{"name":"uBlock Origin","description":"Beidzot, efektīvs bloķētājs. Nepārslogo procesoru un atmiņu.","creator":"Raymond Hill & contributors","developers":null,"translators":null,"contributors":null,"locales":["lv"]},{"name":"uBlock Origin","description":"Mainam na pangharang sa content. Magaan sa CPU at memorya.","creator":"Raymond Hill & contributors","developers":null,"translators":null,"contributors":null,"locales":["fil"]},{"name":"uBlock Origin","description":"Erfin, ur stanker saotradurioù efedus hag a zouj d'ho reizhiad korvoiñ ha d'ho memor.","creator":"Raymond Hill & contributors","developers":null,"translators":null,"contributors":null,"locales":["br-FR"]},{"name":"uBlock Origin","description":"Konačno, efikasan blokator. Lak na CPU i memoriji.","creator":"Raymond Hill & contributors","developers":null,"translators":null,"contributors":null,"locales":["hr"]},{"name":"uBlock Origin","description":"Viimeinkin tehokas estotyökalu, joka ei kuormita prosessoria ja muistia.","creator":"Raymond Hill & contributors","developers":null,"translators":null,"contributors":null,"locales":["fi"]},{"name":"uBlock Origin","description":"Վերջապե՛ս, արդյունավետ արգելափակիչ։ Խնայում է մշակիչը և հիշողությունը։","creator":"Raymond Hill & contributors","developers":null,"translators":null,"contributors":null,"locales":["hy"]},{"name":"uBlock Origin","description":"Жарнамаларды жақсы өшіретін Addon'дардың бірі. Компьютердің қуатың аз алады.","creator":"Raymond Hill & contributors","developers":null,"translators":null,"contributors":null,"locales":["kk"]},{"name":"uBlock Origin","description":"Нарэшце, эфектыўны блакавальнік. Не нагружае працэсар і памяць.","creator":"Raymond Hill & contributors","developers":null,"translators":null,"contributors":null,"locales":["be"]},{"name":"uBlock Origin","description":"În sfârșit, un blocant eficient. Are un impact mic asupra procesorului și memoriei.","creator":"Raymond Hill & contributors","developers":null,"translators":null,"contributors":null,"locales":["ro"]},{"name":"uBlock Origin","description":"Konačno, efikasan bloker. Štedljiv na procesoru i memoriji.","creator":"Raymond Hill & contributors","developers":null,"translators":null,"contributors":null,"locales":["bs"]},{"name":"uBlock Origin","description":"終於有一款高效能的封鎖工具。對 CPU 和記憶體的佔用極低。","creator":"Raymond Hill & contributors","developers":null,"translators":null,"contributors":null,"locales":["zh-TW"]},{"name":"uBlock Origin","description":"Por fin, un bloqueador eficiente con uso mínimo de procesador y memoria.","creator":"Raymond Hill & contributors","developers":null,"translators":null,"contributors":null,"locales":["es"]},{"name":"uBlock Origin","description":"סוף סוף, חוסם יעיל. קל על המעבד והזיכרון.","creator":"Raymond Hill & contributors","developers":null,"translators":null,"contributors":null,"locales":["he"]},{"name":"uBlock Origin","description":"Endelig en effektiv blocker. Lavt CPU- og hukommelsesforbrug.","creator":"Raymond Hill & contributors","developers":null,"translators":null,"contributors":null,"locales":["da"]},{"name":"uBlock Origin","description":"Sonunda, etkili bir engelleyici. İşlemciyi ve belleği yormaz.","creator":"Raymond Hill & contributors","developers":null,"translators":null,"contributors":null,"locales":["tr"]},{"name":"uBlock Origin","description":"અંતે, એક કાર્યક્ષમ અવરોધક. સીપીયુ અને મેમરી પર સરળ.","creator":"Raymond Hill & contributors","developers":null,"translators":null,"contributors":null,"locales":["gu"]},{"name":"uBlock Origin","description":"Eindelijk, een efficiënte adblocker. Gebruikt weinig processorkracht en geheugen.","creator":"Raymond Hill & contributors","developers":null,"translators":null,"contributors":null,"locales":["nl"]},{"name":"uBlock Origin","description":"Επιτέλους, ένας αποτελεσματικός blocker. Ελαφρύς για τον επεξεργαστή και τη μνήμη.","creator":"Raymond Hill & contributors","developers":null,"translators":null,"contributors":null,"locales":["el"]},{"name":"uBlock Origin","description":"Finalmente, um bloqueador eficiente. Com baixo uso de CPU e memória.","creator":"Raymond Hill & contributors","developers":null,"translators":null,"contributors":null,"locales":["pt-BR"]}],"targetApplications":[{"id":"toolkit@mozilla.org","minVersion":"92.0","maxVersion":null}],"targetPlatforms":[],"signedState":2,"signedTypes":[2,1],"signedDate":1747412159000,"seen":true,"dependencies":[],"incognito":"spanning","userPermissions":{"permissions":["alarms","dns","menus","privacy","storage","tabs","unlimitedStorage","webNavigation","webRequest","webRequestBlocking"],"origins":["<all_urls>","http://*/*","https://*/*","file://*/*","https://easylist.to/*","https://*.fanboy.co.nz/*","https://filterlists.com/*","https://forums.lanik.us/*","https://github.com/*","https://*.github.io/*","https://github.com/uBlockOrigin/*","https://ublockorigin.github.io/*","https://*.reddit.com/r/uBlockOrigin/*"],"data_collection":[]},"optionalPermissions":{"permissions":[],"origins":[],"data_collection":[]},"requestedPermissions":{"permissions":[],"origins":[],"data_collection":[]},"icons":{"16":"img/ublock.svg","32":"img/ublock.svg","48":"img/ublock.svg","64":"img/ublock.svg","96":"img/ublock.svg","128":"img/ublock.svg"},"iconURL":null,"blocklistAttentionDismissed":false,"blocklistState":0,"blocklistURL":null,"startupData":null,"hidden":false,"installTelemetryInfo":{"source":"sync"},"recommendationState":{"validNotAfter":1905200158000,"validNotBefore":1747412158000,"states":["recommended","recommended-android"]},"rootURI":"jar:file:///home/nam/.zen/2d50h8ba.Default%20(release)/extensions/uBlock0@raymondhill.net.xpi!/","location":"app-profile"},{"id":"{025e0b2c-c19a-4200-af49-0261a285ecfe}","syncGUID":"{be8adc01-0df0-4df9-a4e8-13e06282affd}","version":"2.0","type":"theme","loader":null,"updateURL":null,"installOrigins":null,"manifestVersion":2,"optionsURL":null,"optionsType":null,"optionsBrowserStyle":true,"aboutURL":null,"defaultLocale":{"name":"Minimalist Gruvbox","creator":null,"developers":null,"translators":null,"contributors":null},"visible":true,"active":false,"userDisabled":true,"appDisabled":false,"embedderDisabled":false,"installDate":1750387686601,"updateDate":1750387686601,"applyBackgroundUpdates":1,"path":"/home/nam/.zen/2d50h8ba.Default (release)/extensions/{025e0b2c-c19a-4200-af49-0261a285ecfe}.xpi","skinnable":false,"sourceURI":"https://addons.mozilla.org/firefox/downloads/file/3991777/minimalist_gruvbox-2.0.xpi","releaseNotesURI":null,"softDisabled":false,"foreignInstall":false,"strictCompatibility":true,"locales":[],"targetApplications":[{"id":"toolkit@mozilla.org","minVersion":null,"maxVersion":null}],"targetPlatforms":[],"signedState":2,"signedTypes":[2,0],"signedDate":1661066170000,"seen":true,"dependencies":[],"userPermissions":null,"optionalPermissions":null,"requestedPermissions":null,"icons":{},"iconURL":null,"blocklistAttentionDismissed":false,"blocklistState":0,"blocklistURL":null,"startupData":null,"hidden":false,"installTelemetryInfo":{"source":"sync"},"recommendationState":null,"rootURI":"jar:file:///home/nam/.zen/2d50h8ba.Default%20(release)/extensions/%7B025e0b2c-c19a-4200-af49-0261a285ecfe%7D.xpi!/","location":"app-profile"},{"id":"chrome-gnome-shell@gnome.org","syncGUID":"{c3903bba-ec4e-4ff0-b622-d1c39770760f}","version":"12","type":"extension","loader":null,"updateURL":null,"installOrigins":null,"manifestVersion":3,"optionsURL":"options.html","optionsType":5,"optionsBrowserStyle":false,"aboutURL":null,"defaultLocale":{"name":"GNOME Shell integration","description":"This extension provides integration with GNOME Shell and the corresponding extensions repository https://extensions.gnome.org","creator":"Yuri Konotopov <ykonotopov@gnome.org>","developers":null,"translators":null,"contributors":null},"visible":true,"active":true,"userDisabled":false,"appDisabled":false,"embedderDisabled":false,"installDate":1750387687039,"updateDate":1750387687039,"applyBackgroundUpdates":1,"path":"/home/nam/.zen/2d50h8ba.Default (release)/extensions/chrome-gnome-shell@gnome.org.xpi","skinnable":false,"sourceURI":"https://addons.mozilla.org/firefox/downloads/file/4300298/gnome_shell_integration-12.xpi","releaseNotesURI":null,"softDisabled":false,"foreignInstall":false,"strictCompatibility":true,"locales":[{"name":"GNOME Shell integration","description":"This extension provides integration with GNOME Shell and the corresponding extensions repository https://extensions.gnome.org","creator":"Yuri Konotopov <ykonotopov@gnome.org>","developers":null,"translators":null,"contributors":null,"locales":["en"]},{"name":"GNOME Shell integration","description":"GNOME Shell とその拡張機能リポジトリ https://extensions.gnome.org を統合するブラウザー拡張機能です","creator":"Yuri Konotopov <ykonotopov@gnome.org>","developers":null,"translators":null,"contributors":null,"locales":["ja"]},{"name":"Integratsioon GNOME Shelliga","description":"See laiendus võimaldab integratsiooni GNOME Shelli ja selle laienduste hoidlaga aadressil https://extensions.gnome.org","creator":"Yuri Konotopov <ykonotopov@gnome.org>","developers":null,"translators":null,"contributors":null,"locales":["et"]},{"name":"Integracion a GNOME Shell","description":"Aquesta extension permet l'integracion a GNOME Shell e a las extensions correspondentas del depaus https://extensions.gnome.org","creator":"Yuri Konotopov <ykonotopov@gnome.org>","developers":null,"translators":null,"contributors":null,"locales":["oc"]},{"name":"Intégration à GNOME Shell","description":"Cette extension permet l’intégration avec GNOME Shell et ses extensions hébergées sur le dépôt https://extensions.gnome.org","creator":"Yuri Konotopov <ykonotopov@gnome.org>","developers":null,"translators":null,"contributors":null,"locales":["fr"]},{"name":"Integrasi Shell GNOME","description":"Ekstensi ini menyediakan integrasi dengan Shell GNOME dan repositori ekstensi yang berhubungan https://extensions.gnome.org","creator":"Yuri Konotopov <ykonotopov@gnome.org>","developers":null,"translators":null,"contributors":null,"locales":["id"]},{"name":"GNOME Shell integrazioa","description":"Hedapen honek GNOME Shell aplikazioarekin eta haren hedapenen biltegiarekin (https://extensions.gnome.org) integratzeko aukera eskaintzen du","creator":"Yuri Konotopov <ykonotopov@gnome.org>","developers":null,"translators":null,"contributors":null,"locales":["eu"]},{"name":"GNOME Shell-integration","description":"Detta tillägg tillhandahåller integration med GNOME Shell och det motsvarande tilläggsförrådet https://extensions.gnome.org","creator":"Yuri Konotopov <ykonotopov@gnome.org>","developers":null,"translators":null,"contributors":null,"locales":["sv"]},{"name":"Integrace do GNOME Shell","description":"Toto rozšíření poskytuje integraci s GNOME Shell a shoduje se s repozitářem rozšíření https://extensions.gnome.org","creator":"Yuri Konotopov <ykonotopov@gnome.org>","developers":null,"translators":null,"contributors":null,"locales":["cs"]},{"name":"Інтеграція із GNOME Shell","description":"Це розширення забезпечує інтеграцію між GNOME Shell та відповідним сховищем розширень https://extensions.gnome.org","creator":"Yuri Konotopov <ykonotopov@gnome.org>","developers":null,"translators":null,"contributors":null,"locales":["uk"]},{"name":"GNOME-ის გარსთან ინტეგრაცია","description":"This extension provides integration with GNOME Shell and the corresponding extensions repository https://extensions.gnome.org","creator":"Yuri Konotopov <ykonotopov@gnome.org>","developers":null,"translators":null,"contributors":null,"locales":["ka"]},{"name":"Amalachadh slige GNOMW","description":"Bheir an leudachan seo dhut amalachadh le Slige GNOME agus Shell ionad-tasgaidh nan leudachan co-cheangailte rithe https://extensions.gnome.org","creator":"Yuri Konotopov <ykonotopov@gnome.org>","developers":null,"translators":null,"contributors":null,"locales":["gd"]},{"name":"그놈 셸 확장 기능","description":"이 확장 기능은 그놈 셸 통합 기능이 있으며 관련 확장 기능 저장소는 https://extensions.gnome.org에 있습니다","creator":"Yuri Konotopov <ykonotopov@gnome.org>","developers":null,"translators":null,"contributors":null,"locales":["ko"]},{"name":"Integração com GNOME Shell","description":"This extension provides integration with GNOME Shell and the corresponding extensions repository https://extensions.gnome.org","creator":"Yuri Konotopov <ykonotopov@gnome.org>","developers":null,"translators":null,"contributors":null,"locales":["pt-PT"]},{"name":"GNOME apvalkalo integracija","description":"Šis plėtinys suteikia integraciją su GNOME apvalkalu ir atitinkama plėtinių saugykla https://extensions.gnome.org","creator":"Yuri Konotopov <ykonotopov@gnome.org>","developers":null,"translators":null,"contributors":null,"locales":["lt"]},{"name":"GNOME शैल एकीकरण","description":"यह एक्सटेंशन GNOME शैल और संबंधित एक्सटेंशन रिपॉजिटरी https://extensions.gnome.org के साथ एकीकरण प्रदान करता है","creator":"Yuri Konotopov <ykonotopov@gnome.org>","developers":null,"translators":null,"contributors":null,"locales":["hi"]},{"name":"GNOME Shell-Integration","description":"Diese Erweiterung ermöglicht die Integration mit der GNOME Shell und dem dazugehörenden Erweiterungs-Repository von https://extensions.gnome.org","creator":"Yuri Konotopov <ykonotopov@gnome.org>","developers":null,"translators":null,"contributors":null,"locales":["de"]},{"name":"GNOME Shell integration","description":"This extension provides integration with GNOME Shell and the corresponding extensions repository https://extensions.gnome.org","creator":"Yuri Konotopov <ykonotopov@gnome.org>","developers":null,"translators":null,"contributors":null,"locales":["en-GB"]},{"name":"Integrazione con GNOME Shell","description":"Questa estensione fornisce l'integrazione con GNOME Shell e il corrispondente repository delle estensioni https://extensions.gnome.org","creator":"Yuri Konotopov <ykonotopov@gnome.org>","developers":null,"translators":null,"contributors":null,"locales":["it"]},{"name":"Ingegrasjon med GNOME-skallet","description":"This extension provides integration with GNOME Shell and the corresponding extensions repository https://extensions.gnome.org","creator":"Yuri Konotopov <ykonotopov@gnome.org>","developers":null,"translators":null,"contributors":null,"locales":["nb"]},{"name":"Integración de GNOME Shell","description":"Esta extensión fornece integración con GNOME SHell e o correspondente repositorio de extensións https://extensions.gnome.org","creator":"Yuri Konotopov <ykonotopov@gnome.org>","developers":null,"translators":null,"contributors":null,"locales":["gl"]},{"name":"Integració amb el GNOME Shell","description":"Aquesta extensió proporciona integració amb GNOME Shell i el corresponent dipòsit d'extensions https://extensions.gnome.org","creator":"Yuri Konotopov <ykonotopov@gnome.org>","developers":null,"translators":null,"contributors":null,"locales":["ca"]},{"name":"Integrácia do Shellu prostredia GNOME","description":"Toto rozšírenie poskytuje integráciu do Shellu prostredia GNOME a príslušný repozitár rozšírení https://extensions.gnome.org","creator":"Yuri Konotopov <ykonotopov@gnome.org>","developers":null,"translators":null,"contributors":null,"locales":["sk"]},{"name":"Интеграција Гномове шкољке","description":"Ово проширење обезбеђује интеграцију са Гномовом шкољком и одговарајућом ризницом проширења „https://extensions.gnome.org“","creator":"Yuri Konotopov <ykonotopov@gnome.org>","developers":null,"translators":null,"contributors":null,"locales":["sr"]},{"name":"یکپارچگی پوستهٔ گنوم","description":"این افزونه، یکپارچگی با پوستهٔ گنوم و مخزن افزونه‌های متناظرش https://extensions.gnome.org را فراهم می‌کند","creator":"Yuri Konotopov <ykonotopov@gnome.org>","developers":null,"translators":null,"contributors":null,"locales":["fa"]},{"name":"GNOME Shell 集成","description":"此扩展提供了与 GNOME Shell 和相应扩展库 https://extensions.gnome.org 的集成","creator":"Yuri Konotopov <ykonotopov@gnome.org>","developers":null,"translators":null,"contributors":null,"locales":["zh-CN"]},{"name":"Integracja z GNOME Shell","description":"To rozszerzenie dostarcza integrację z GNOME Shell i repozytorium rozszerzeń https://extensions.gnome.org","creator":"Yuri Konotopov <ykonotopov@gnome.org>","developers":null,"translators":null,"contributors":null,"locales":["pl"]},{"name":"GNOME Shell integration","description":"Данное расширение добавляет интеграцию с GNOME Shell и репозиторием расширений https://extensions.gnome.org","creator":"Yuri Konotopov <ykonotopov@gnome.org>","developers":null,"translators":null,"contributors":null,"locales":["ru"]},{"name":"Razširitev lupine GNOME","description":"Razširitev omogoča povezovanje z okoljem Lupine GNOME in ustrezno shrambo razširitev https://extensions.gnome.org.","creator":"Yuri Konotopov <ykonotopov@gnome.org>","developers":null,"translators":null,"contributors":null,"locales":["sl"]},{"name":"GNOME Shell integráció","description":"Ez a kiterjesztés integrációt biztosít a GNOME Shell-lel, és a hozzá tartozó https://extensions.gnome.org kiterjesztéstárolóval","creator":"Yuri Konotopov <ykonotopov@gnome.org>","developers":null,"translators":null,"contributors":null,"locales":["hu"]},{"name":"Integracija GNOME ljuske","description":"Ovo proširenje omogućuje integraciju s GNOME ljuskom i odgovarajućem repozitoriju proširenja https://extensions.gnome.org","creator":"Yuri Konotopov <ykonotopov@gnome.org>","developers":null,"translators":null,"contributors":null,"locales":["hr"]},{"name":"Gnome Shell -integraatio","description":"Tämä laajennus tarjoaa integraation Gnome Shellin ja Gnome Shellin laajennustietovaraston https://extensions.gnome.org kanssa","creator":"Yuri Konotopov <ykonotopov@gnome.org>","developers":null,"translators":null,"contributors":null,"locales":["fi"]},{"name":"Integrare Shell GNOME","description":"Această extensie furnizează integrarea cu Shell GNOME și extensiile corespunzătoare depozitului https://extensions.gnome.org","creator":"Yuri Konotopov <ykonotopov@gnome.org>","developers":null,"translators":null,"contributors":null,"locales":["ro"]},{"name":"GNOME Shell integration","description":"This extension provides integration with GNOME Shell and the corresponding extensions repository https://extensions.gnome.org","creator":"Yuri Konotopov <ykonotopov@gnome.org>","developers":null,"translators":null,"contributors":null,"locales":["kab"]},{"name":"GNOME Shell integration","description":"Αυτή η επέκταση παρέχει ενσωμάτωση με το GNOME Shell και τα πρόσθετα του από το https://extensions.gnome.org","creator":"Yuri Konotopov <ykonotopov@gnome.org>","developers":null,"translators":null,"contributors":null,"locales":["el"]},{"name":"Integración con GNOME Shell","description":"Esta extensión proporciona integración con GNOME Shell y el correspondiente repositorio de extensiones https://extensions.gnome.org","creator":"Yuri Konotopov <ykonotopov@gnome.org>","developers":null,"translators":null,"contributors":null,"locales":["es"]},{"name":"Integração com GNOME Shell","description":"Essa extensão fornece integração com o GNOME Shell e com o repositório de extensões correspondente, o https://extensions.gnome.org","creator":"Yuri Konotopov <ykonotopov@gnome.org>","developers":null,"translators":null,"contributors":null,"locales":["pt-BR"]},{"name":"GNOME Shell-integration","description":"Denne udvidelse giver integration med GNOME Shell og det tilhørende udvidelsesarkiv https://extensions.gnome.org","creator":"Yuri Konotopov <ykonotopov@gnome.org>","developers":null,"translators":null,"contributors":null,"locales":["da"]},{"name":"GNOME Shell 整合","description":"這個附加元件提供了與 GNOME Shell 的整合，和對應的附加元件庫 https://extensions.gnome.org","creator":"Yuri Konotopov <ykonotopov@gnome.org>","developers":null,"translators":null,"contributors":null,"locales":["zh-TW"]},{"name":"שילוב מול GNOME Shell","description":"הרחבה זו מספקת שילוב מול GNOME Shell ומאגר ההרחבות התואם https://extensions.gnome.org","creator":"Yuri Konotopov <ykonotopov@gnome.org>","developers":null,"translators":null,"contributors":null,"locales":["he"]},{"name":"GNOME Kabuk tümleşimi","description":"Bu uygulama, GNOME Kabuk ve buna uygun uzantı deposu olan https://extensions.gnome.org ile tümleşim sağlar","creator":"Yuri Konotopov <ykonotopov@gnome.org>","developers":null,"translators":null,"contributors":null,"locales":["tr"]},{"name":"Gnome-shell-integratie","description":"Deze extensie voorziet in de integratie met Gnome-shell en de bijbehorende website met extensies https://extensions.gnome.org","creator":"Yuri Konotopov <ykonotopov@gnome.org>","developers":null,"translators":null,"contributors":null,"locales":["nl"]}],"targetApplications":[{"id":"toolkit@mozilla.org","minVersion":"126.0","maxVersion":null}],"targetPlatforms":[],"signedState":2,"signedTypes":[2,0],"signedDate":1718358663000,"seen":true,"dependencies":[],"incognito":"spanning","userPermissions":{"permissions":["alarms","nativeMessaging","notifications","storage","tabs"],"origins":[],"data_collection":[]},"optionalPermissions":{"permissions":["idle"],"origins":["https://extensions.gnome.org/","https://extensions-next.gnome.org/","https://extensions.gnome.org/*","https://extensions-next.gnome.org/*"],"data_collection":[]},"requestedPermissions":{"permissions":[],"origins":["https://extensions.gnome.org/","https://extensions-next.gnome.org/","https://extensions.gnome.org/*","https://extensions-next.gnome.org/*"],"data_collection":[]},"icons":{"16":"icons/GnomeLogo-16.png","48":"icons/GnomeLogo-48.png","128":"icons/GnomeLogo-128.png"},"iconURL":null,"blocklistAttentionDismissed":false,"blocklistState":0,"blocklistURL":null,"startupData":null,"hidden":false,"installTelemetryInfo":{"source":"sync"},"recommendationState":null,"rootURI":"jar:file:///home/nam/.zen/2d50h8ba.Default%20(release)/extensions/chrome-gnome-shell@gnome.org.xpi!/","location":"app-profile"}]}