{"chrome://browser/content/browser.xhtml":{"navigator-toolbox":{"style":"width: 228px; max-width: 500px; --actual-zen-sidebar-width: 249.3333282470703px; --zen-sidebar-width: 228px; opacity: 1;","width":"228px"},"main-window":{"sizemode":"maximized","screenX":"0","screenY":"0","width":"875","height":"560"},"zen-main-app-wrapper":{"zen-compact-mode":"true"},"sidebar-title":{"value":""}},"chrome://browser/content/places/places.xhtml":{"placesContentTags":{"ordinal":"3"},"placesContentUrl":{"ordinal":"5"},"placesContentDate":{"ordinal":"7"},"placesContentVisitCount":{"ordinal":"9"},"placesContentDateAdded":{"ordinal":"11"},"placesContentLastModified":{"ordinal":"13"},"places":{"screenX":"0","screenY":"0","width":"800","height":"500","sizemode":"normal"}}}