{"shortcuts":[{"id":"key_wrToggleCaptureSequenceCmd","key":"^","keycode":null,"group":"other","l10nId":null,"modifiers":{"control":false,"alt":false,"shift":false,"meta":false,"accel":true},"action":"wrToggleCaptureSequenceCmd","disabled":false,"reserved":false,"internal":false},{"id":"key_wrCaptureCmd","key":"#","keycode":null,"group":"other","l10nId":null,"modifiers":{"control":false,"alt":false,"shift":false,"meta":false,"accel":true},"action":"wrCaptureCmd","disabled":false,"reserved":false,"internal":false},{"id":"key_selectLastTab","key":"9","keycode":null,"group":"windowAndTabManagement","l10nId":null,"modifiers":{"control":false,"alt":true,"shift":false,"meta":false,"accel":false},"action":null,"disabled":false,"reserved":false,"internal":false},{"id":"key_selectTab8","key":"8","keycode":null,"group":"windowAndTabManagement","l10nId":null,"modifiers":{"control":false,"alt":true,"shift":false,"meta":false,"accel":false},"action":null,"disabled":false,"reserved":false,"internal":false},{"id":"key_selectTab7","key":"7","keycode":null,"group":"windowAndTabManagement","l10nId":null,"modifiers":{"control":false,"alt":true,"shift":false,"meta":false,"accel":false},"action":null,"disabled":false,"reserved":false,"internal":false},{"id":"key_selectTab6","key":"6","keycode":null,"group":"windowAndTabManagement","l10nId":null,"modifiers":{"control":false,"alt":true,"shift":false,"meta":false,"accel":false},"action":null,"disabled":false,"reserved":false,"internal":false},{"id":"key_selectTab5","key":"5","keycode":null,"group":"windowAndTabManagement","l10nId":null,"modifiers":{"control":false,"alt":true,"shift":false,"meta":false,"accel":false},"action":null,"disabled":false,"reserved":false,"internal":false},{"id":"key_selectTab4","key":"4","keycode":null,"group":"windowAndTabManagement","l10nId":null,"modifiers":{"control":false,"alt":true,"shift":false,"meta":false,"accel":false},"action":null,"disabled":false,"reserved":false,"internal":false},{"id":"key_selectTab3","key":"3","keycode":null,"group":"windowAndTabManagement","l10nId":null,"modifiers":{"control":false,"alt":true,"shift":false,"meta":false,"accel":false},"action":null,"disabled":false,"reserved":false,"internal":false},{"id":"key_selectTab2","key":"2","keycode":null,"group":"windowAndTabManagement","l10nId":null,"modifiers":{"control":false,"alt":true,"shift":false,"meta":false,"accel":false},"action":null,"disabled":false,"reserved":false,"internal":false},{"id":"key_selectTab1","key":"1","keycode":null,"group":"windowAndTabManagement","l10nId":null,"modifiers":{"control":false,"alt":true,"shift":false,"meta":false,"accel":false},"action":null,"disabled":false,"reserved":false,"internal":false},{"id":"key_undoCloseWindow","key":"n","keycode":null,"group":"windowAndTabManagement","l10nId":"zen-window-new-shortcut","modifiers":{"control":false,"alt":false,"shift":true,"meta":false,"accel":true},"action":"History:UndoCloseWindow","disabled":false,"reserved":false,"internal":false},{"id":"key_restoreLastClosedTabOrWindowOrSession","key":"t","keycode":null,"group":"windowAndTabManagement","l10nId":"zen-restore-last-closed-tab-shortcut","modifiers":{"control":false,"alt":false,"shift":true,"meta":false,"accel":true},"action":"History:RestoreLastClosedTabOrWindowOrSession","disabled":false,"reserved":false,"internal":false},{"id":"key_quitApplication","key":"q","keycode":null,"group":"windowAndTabManagement","l10nId":"zen-quit-app-shortcut","modifiers":{"control":false,"alt":false,"shift":false,"meta":false,"accel":true},"action":"cmd_quitApplication","disabled":false,"reserved":true,"internal":false},{"id":"key_sanitize","keycode":"VK_DELETE","group":"other","l10nId":null,"modifiers":{"control":false,"alt":false,"shift":true,"meta":false,"accel":true},"action":"Tools:Sanitize","disabled":false,"reserved":false,"internal":false},{"id":"key_screenshot","key":"s","keycode":null,"group":"mediaAndDisplay","l10nId":"zen-screenshot-shortcut","modifiers":{"control":false,"alt":false,"shift":true,"meta":false,"accel":true},"action":"Browser:Screenshot","disabled":false,"reserved":false,"internal":false},{"id":"key_privatebrowsing","key":"p","keycode":null,"group":"navigation","l10nId":"zen-private-browsing-shortcut","modifiers":{"control":false,"alt":false,"shift":true,"meta":false,"accel":true},"action":"Tools:PrivateBrowsing","disabled":false,"reserved":true,"internal":false},{"id":"key_switchTextDirection","key":"x","keycode":null,"group":"mediaAndDisplay","l10nId":"zen-bidi-switch-direction-shortcut","modifiers":{"control":false,"alt":false,"shift":true,"meta":false,"accel":true},"action":"cmd_switchTextDirection","disabled":false,"reserved":false,"internal":false},{"id":"key_showAllTabs","keycode":"VK_TAB","group":"other","l10nId":null,"modifiers":{"control":false,"alt":false,"shift":true,"meta":false,"accel":true},"action":null,"disabled":false,"reserved":false,"internal":false},{"id":null,"key":"","keycode":null,"group":"other","l10nId":"zen-full-zoom-reset-shortcut-alt","modifiers":{"control":false,"alt":false,"shift":false,"meta":false,"accel":true},"action":"cmd_fullZoomReset","disabled":false,"reserved":false,"internal":false},{"id":"key_fullZoomReset","key":"0","keycode":null,"group":"mediaAndDisplay","l10nId":"zen-full-zoom-reset-shortcut","modifiers":{"control":false,"alt":false,"shift":false,"meta":false,"accel":true},"action":"cmd_fullZoomReset","disabled":false,"reserved":false,"internal":false},{"id":null,"key":"","keycode":null,"group":"other","l10nId":"zen-full-zoom-enlarge-shortcut-alt2","modifiers":{"control":false,"alt":false,"shift":false,"meta":false,"accel":true},"action":"cmd_fullZoomEnlarge","disabled":false,"reserved":false,"internal":false},{"id":null,"key":"=","keycode":null,"group":"other","l10nId":"zen-full-zoom-enlarge-shortcut-alt","modifiers":{"control":false,"alt":false,"shift":false,"meta":false,"accel":true},"action":"cmd_fullZoomEnlarge","disabled":false,"reserved":false,"internal":false},{"id":"key_fullZoomEnlarge","key":"+","keycode":null,"group":"mediaAndDisplay","l10nId":"zen-full-zoom-enlarge-shortcut","modifiers":{"control":false,"alt":false,"shift":false,"meta":false,"accel":true},"action":"cmd_fullZoomEnlarge","disabled":false,"reserved":false,"internal":false},{"id":null,"key":"","keycode":null,"group":"other","l10nId":"zen-full-zoom-reduce-shortcut-alt-b","modifiers":{"control":false,"alt":false,"shift":false,"meta":false,"accel":true},"action":"cmd_fullZoomReduce","disabled":false,"reserved":false,"internal":false},{"id":null,"key":"_","keycode":null,"group":"other","l10nId":"zen-full-zoom-reduce-shortcut-alt-a","modifiers":{"control":false,"alt":false,"shift":false,"meta":false,"accel":true},"action":"cmd_fullZoomReduce","disabled":false,"reserved":false,"internal":false},{"id":"key_fullZoomReduce","key":"-","keycode":null,"group":"mediaAndDisplay","l10nId":"zen-full-zoom-reduce-shortcut","modifiers":{"control":false,"alt":false,"shift":false,"meta":false,"accel":true},"action":"cmd_fullZoomReduce","disabled":false,"reserved":false,"internal":false},{"id":"key_gotoHistory","key":"h","keycode":null,"group":"navigation","l10nId":"zen-history-sidebar-shortcut","modifiers":{"control":false,"alt":false,"shift":false,"meta":false,"accel":true},"action":null,"disabled":false,"reserved":false,"internal":false},{"id":"toggleSidebarKb","key":"z","keycode":null,"group":"other","l10nId":"zen-toggle-sidebar-shortcut","modifiers":{"control":false,"alt":true,"shift":false,"meta":false,"accel":true},"action":null,"disabled":false,"reserved":false,"internal":false},{"id":"viewGenaiChatSidebarKb","key":"x","keycode":null,"group":"other","l10nId":"zen-ai-chatbot-sidebar-shortcut","modifiers":{"control":false,"alt":true,"shift":false,"meta":false,"accel":true},"action":null,"disabled":false,"reserved":false,"internal":false},{"id":"key_stop","keycode":"VK_ESCAPE","group":"other","l10nId":null,"modifiers":{"control":false,"alt":false,"shift":false,"meta":false,"accel":false},"action":"Browser:Stop","disabled":false,"reserved":false,"internal":false},{"id":"viewBookmarksToolbarKb","key":"b","keycode":null,"group":"other","l10nId":"zen-bookmark-show-toolbar-shortcut","modifiers":{"control":false,"alt":false,"shift":true,"meta":false,"accel":true},"action":null,"disabled":false,"reserved":false,"internal":false},{"id":"viewBookmarksSidebarKb","key":"b","keycode":null,"group":"other","l10nId":"zen-bookmark-show-sidebar-shortcut","modifiers":{"control":false,"alt":false,"shift":false,"meta":false,"accel":true},"action":null,"disabled":false,"reserved":false,"internal":false},{"id":"manBookmarkKb","key":"o","keycode":null,"group":"historyAndBookmarks","l10nId":"zen-bookmark-show-library-shortcut","modifiers":{"control":false,"alt":false,"shift":true,"meta":false,"accel":true},"action":"Browser:ShowAllBookmarks","disabled":false,"reserved":false,"internal":false},{"id":"bookmarkAllTabsKb","key":"d","keycode":null,"group":"historyAndBookmarks","l10nId":"zen-bookmark-this-page-shortcut","modifiers":{"control":false,"alt":false,"shift":true,"meta":false,"accel":true},"action":null,"disabled":false,"reserved":false,"internal":false},{"id":"addBookmarkAsKb","key":"d","keycode":null,"group":"historyAndBookmarks","l10nId":"zen-bookmark-this-page-shortcut","modifiers":{"control":false,"alt":false,"shift":false,"meta":false,"accel":true},"action":"Browser:AddBookmarkAs","disabled":false,"reserved":false,"internal":false},{"id":null,"keycode":"VK_F3","group":"other","l10nId":"zen-search-find-again-shortcut-prev","modifiers":{"control":false,"alt":false,"shift":true,"meta":false,"accel":false},"action":"cmd_findPrevious","disabled":false,"reserved":false,"internal":false},{"id":null,"keycode":"VK_F3","group":"other","l10nId":"zen-search-find-again-shortcut-alt","modifiers":{"control":false,"alt":false,"shift":false,"meta":false,"accel":false},"action":"cmd_findAgain","disabled":false,"reserved":false,"internal":false},{"id":"key_findPrevious","key":"g","keycode":null,"group":"searchAndFind","l10nId":"zen-search-find-again-shortcut-prev","modifiers":{"control":false,"alt":false,"shift":true,"meta":false,"accel":true},"action":"cmd_findPrevious","disabled":false,"reserved":false,"internal":false},{"id":"key_findAgain","key":"g","keycode":null,"group":"searchAndFind","l10nId":"zen-search-find-again-shortcut","modifiers":{"control":false,"alt":false,"shift":false,"meta":false,"accel":true},"action":"cmd_findAgain","disabled":false,"reserved":false,"internal":false},{"id":"key_find","key":"f","keycode":null,"group":"searchAndFind","l10nId":"zen-find-shortcut","modifiers":{"control":false,"alt":false,"shift":false,"meta":false,"accel":true},"action":"cmd_find","disabled":false,"reserved":false,"internal":false},{"id":"key_viewInfo","key":"i","keycode":null,"group":"pageOperations","l10nId":"zen-page-info-shortcut","modifiers":{"control":false,"alt":false,"shift":false,"meta":false,"accel":true},"action":"View:PageInfo","disabled":false,"reserved":false,"internal":false},{"id":"key_viewSource","key":"u","keycode":null,"group":"pageOperations","l10nId":"zen-page-source-shortcut","modifiers":{"control":false,"alt":false,"shift":false,"meta":false,"accel":true},"action":"View:PageSource","disabled":false,"reserved":false,"internal":false},{"id":"key_aboutProcesses","keycode":"VK_ESCAPE","group":"other","l10nId":null,"modifiers":{"control":false,"alt":false,"shift":true,"meta":false,"accel":false},"action":"View:AboutProcesses","disabled":false,"reserved":false,"internal":false},{"id":"key_reload_skip_cache","key":"r","keycode":null,"group":"navigation","l10nId":"zen-nav-reload-shortcut-skip-cache","modifiers":{"control":false,"alt":false,"shift":true,"meta":false,"accel":true},"action":"Browser:ReloadSkipCache","disabled":false,"reserved":false,"internal":false},{"id":"key_reload","key":"r","keycode":null,"group":"navigation","l10nId":"zen-nav-reload-shortcut","modifiers":{"control":false,"alt":false,"shift":false,"meta":false,"accel":true},"action":"Browser:Reload","disabled":false,"reserved":false,"internal":false},{"id":null,"key":"}","keycode":null,"group":"other","l10nId":"zen-picture-in-picture-toggle-shortcut-alt","modifiers":{"control":false,"alt":false,"shift":true,"meta":false,"accel":true},"action":"View:PictureInPicture","disabled":false,"reserved":false,"internal":false},{"id":"key_togglePictureInPicture","key":"]","keycode":null,"group":"pageOperations","l10nId":"zen-picture-in-picture-toggle-shortcut","modifiers":{"control":false,"alt":false,"shift":true,"meta":false,"accel":true},"action":"View:PictureInPicture","disabled":false,"reserved":false,"internal":false},{"id":"key_toggleReaderMode","key":"r","keycode":null,"group":"pageOperations","l10nId":"zen-reader-mode-toggle-shortcut-other","modifiers":{"control":false,"alt":true,"shift":false,"meta":false,"accel":true},"action":"View:ReaderView","disabled":true,"reserved":false,"internal":false},{"id":"key_exitFullScreen","keycode":"VK_F11","group":"other","l10nId":null,"modifiers":{"control":false,"alt":false,"shift":false,"meta":false,"accel":false},"action":"View:FullScreen","disabled":true,"reserved":true,"internal":false},{"id":"key_enterFullScreen","keycode":"VK_F11","group":"other","l10nId":null,"modifiers":{"control":false,"alt":false,"shift":false,"meta":false,"accel":false},"action":"View:FullScreen","disabled":false,"reserved":false,"internal":false},{"id":null,"keycode":"VK_F5","group":"other","l10nId":null,"modifiers":{"control":false,"alt":false,"shift":false,"meta":false,"accel":true},"action":"Browser:ReloadSkipCache","disabled":false,"reserved":false,"internal":false},{"id":"showAllHistoryKb","key":"h","keycode":null,"group":"historyAndBookmarks","l10nId":"zen-history-show-all-shortcut","modifiers":{"control":false,"alt":false,"shift":true,"meta":false,"accel":true},"action":"Browser:ShowAllHistory","disabled":false,"reserved":false,"internal":false},{"id":null,"keycode":"VK_F5","group":"other","l10nId":null,"modifiers":{"control":false,"alt":false,"shift":false,"meta":false,"accel":false},"action":"Browser:Reload","disabled":false,"reserved":false,"internal":false},{"id":"goHome","keycode":"VK_HOME","group":"navigation","l10nId":null,"modifiers":{"control":false,"alt":true,"shift":false,"meta":false,"accel":false},"action":null,"disabled":false,"reserved":false,"internal":false},{"id":"goForwardKb2","key":"]","keycode":null,"group":"navigation","l10nId":"zen-nav-fwd-shortcut-alt","modifiers":{"control":false,"alt":false,"shift":false,"meta":false,"accel":true},"action":"Browser:Forward","disabled":false,"reserved":false,"internal":false},{"id":"goBackKb2","key":"[","keycode":null,"group":"navigation","l10nId":"zen-nav-back-shortcut-alt","modifiers":{"control":false,"alt":false,"shift":false,"meta":false,"accel":true},"action":"Browser:Back","disabled":false,"reserved":false,"internal":false},{"id":"goForwardKb","keycode":"VK_RIGHT","group":"navigation","l10nId":null,"modifiers":{"control":false,"alt":true,"shift":false,"meta":false,"accel":false},"action":"Browser:Forward","disabled":false,"reserved":false,"internal":false},{"id":"goBackKb","keycode":"VK_LEFT","group":"navigation","l10nId":null,"modifiers":{"control":false,"alt":true,"shift":false,"meta":false,"accel":false},"action":"Browser:Back","disabled":false,"reserved":false,"internal":false},{"id":null,"keycode":"VK_BACK","group":"other","l10nId":null,"modifiers":{"control":false,"alt":false,"shift":true,"meta":false,"accel":false},"action":"cmd_handleShiftBackspace","disabled":false,"reserved":false,"internal":false},{"id":null,"keycode":"VK_BACK","group":"other","l10nId":null,"modifiers":{"control":false,"alt":false,"shift":false,"meta":false,"accel":false},"action":"cmd_handleBackspace","disabled":false,"reserved":false,"internal":false},{"id":"key_selectAll","key":"a","keycode":null,"group":"other","l10nId":"zen-text-action-select-all-shortcut","modifiers":{"control":false,"alt":false,"shift":false,"meta":false,"accel":true},"action":null,"disabled":false,"reserved":false,"internal":true},{"id":"key_delete","keycode":"VK_DELETE","group":"other","l10nId":null,"modifiers":{"control":false,"alt":false,"shift":false,"meta":false,"accel":false},"action":"cmd_delete","disabled":false,"reserved":false,"internal":false},{"id":"key_paste","key":"v","keycode":null,"group":"other","l10nId":"zen-text-action-paste-shortcut","modifiers":{"control":false,"alt":false,"shift":false,"meta":false,"accel":true},"action":null,"disabled":false,"reserved":false,"internal":true},{"id":"key_copy","key":"c","keycode":null,"group":"other","l10nId":"zen-text-action-copy-shortcut","modifiers":{"control":false,"alt":false,"shift":false,"meta":false,"accel":true},"action":null,"disabled":false,"reserved":false,"internal":true},{"id":"key_cut","key":"x","keycode":null,"group":"other","l10nId":"zen-text-action-cut-shortcut","modifiers":{"control":false,"alt":false,"shift":false,"meta":false,"accel":true},"action":null,"disabled":false,"reserved":false,"internal":true},{"id":"key_redo","key":"z","keycode":null,"group":"other","l10nId":"zen-text-action-undo-shortcut","modifiers":{"control":false,"alt":false,"shift":true,"meta":false,"accel":true},"action":null,"disabled":false,"reserved":false,"internal":true},{"id":"key_undo","key":"z","keycode":null,"group":"other","l10nId":"zen-text-action-undo-shortcut","modifiers":{"control":false,"alt":false,"shift":false,"meta":false,"accel":true},"action":null,"disabled":false,"reserved":false,"internal":true},{"id":"key_toggleMute","key":"m","keycode":null,"group":"mediaAndDisplay","l10nId":"zen-mute-toggle-shortcut","modifiers":{"control":false,"alt":false,"shift":false,"meta":false,"accel":true},"action":"cmd_toggleMute","disabled":false,"reserved":false,"internal":false},{"id":"key_closeWindow","key":"w","keycode":null,"group":"windowAndTabManagement","l10nId":"zen-close-shortcut","modifiers":{"control":false,"alt":false,"shift":true,"meta":false,"accel":true},"action":"cmd_closeWindow","disabled":false,"reserved":true,"internal":false},{"id":"key_close","key":"w","keycode":null,"group":"windowAndTabManagement","l10nId":"zen-close-tab-shortcut","modifiers":{"control":false,"alt":false,"shift":false,"meta":false,"accel":true},"action":"cmd_close","disabled":false,"reserved":true,"internal":false},{"id":"printKb","key":"p","keycode":null,"group":"pageOperations","l10nId":"zen-print-shortcut","modifiers":{"control":false,"alt":false,"shift":false,"meta":false,"accel":true},"action":"cmd_print","disabled":false,"reserved":false,"internal":false},{"id":"key_savePage","key":"s","keycode":null,"group":"pageOperations","l10nId":"zen-save-page-shortcut","modifiers":{"control":false,"alt":false,"shift":false,"meta":false,"accel":true},"action":"Browser:SavePage","disabled":false,"reserved":false,"internal":false},{"id":"openFileKb","key":"o","keycode":null,"group":"other","l10nId":"zen-file-open-shortcut","modifiers":{"control":false,"alt":false,"shift":false,"meta":false,"accel":true},"action":"Browser:OpenFile","disabled":false,"reserved":false,"internal":false},{"id":"key_openAddons","key":"a","keycode":null,"group":"other","l10nId":"zen-addons-shortcut","modifiers":{"control":false,"alt":false,"shift":true,"meta":false,"accel":true},"action":"Tools:Addons","disabled":false,"reserved":false,"internal":false},{"id":"key_openDownloads","key":"y","keycode":null,"group":"other","l10nId":"zen-downloads-shortcut","modifiers":{"control":false,"alt":false,"shift":true,"meta":false,"accel":true},"action":"Tools:Downloads","disabled":false,"reserved":false,"internal":false},{"id":"key_search2","key":"j","keycode":null,"group":"searchAndFind","l10nId":"zen-search-focus-shortcut-alt","modifiers":{"control":false,"alt":false,"shift":false,"meta":false,"accel":true},"action":"Tools:Search","disabled":false,"reserved":false,"internal":false},{"id":"key_search","key":"k","keycode":null,"group":"searchAndFind","l10nId":"zen-search-focus-shortcut","modifiers":{"control":false,"alt":false,"shift":false,"meta":false,"accel":true},"action":"Tools:Search","disabled":false,"reserved":false,"internal":false},{"id":"focusURLBar2","key":"d","keycode":null,"group":"pageOperations","l10nId":"zen-location-open-shortcut-alt","modifiers":{"control":false,"alt":true,"shift":false,"meta":false,"accel":false},"action":"Browser:OpenLocation","disabled":false,"reserved":false,"internal":false},{"id":"focusURLBar","key":"l","keycode":null,"group":"pageOperations","l10nId":"zen-location-open-shortcut","modifiers":{"control":false,"alt":false,"shift":false,"meta":false,"accel":true},"action":"Browser:OpenLocation","disabled":false,"reserved":false,"internal":false},{"id":"key_newNavigatorTab","key":"t","keycode":null,"group":"windowAndTabManagement","l10nId":"zen-tab-new-shortcut","modifiers":{"control":false,"alt":false,"shift":false,"meta":false,"accel":true},"action":"cmd_newNavigatorTabNoEvent","disabled":false,"reserved":true,"internal":false},{"id":"key_newNavigator","key":"n","keycode":null,"group":"windowAndTabManagement","l10nId":"zen-window-new-shortcut","modifiers":{"control":false,"alt":false,"shift":false,"meta":false,"accel":true},"action":"cmd_newNavigator","disabled":false,"reserved":true,"internal":false},{"id":"zen-compact-mode-toggle","key":"c","keycode":"","group":"zen-compact-mode","l10nId":"zen-compact-mode-shortcut-toggle","modifiers":{"control":false,"alt":true,"shift":false,"meta":false,"accel":true},"action":"cmd_zenCompactModeToggle","disabled":false,"reserved":false,"internal":false},{"id":"zen-compact-mode-show-sidebar","key":"s","keycode":"","group":"zen-compact-mode","l10nId":"zen-compact-mode-shortcut-show-sidebar","modifiers":{"control":false,"alt":true,"shift":false,"meta":false,"accel":true},"action":"cmd_zenCompactModeShowSidebar","disabled":false,"reserved":false,"internal":false},{"id":"zen-compact-mode-show-toolbar","key":"t","keycode":"","group":"zen-compact-mode","l10nId":"zen-compact-mode-shortcut-show-toolbar","modifiers":{"control":false,"alt":true,"shift":false,"meta":false,"accel":true},"action":"cmd_zenCompactModeShowToolbar","disabled":false,"reserved":false,"internal":false},{"id":"zen-workspace-switch-10","key":"","keycode":"","group":"zen-workspace","l10nId":"zen-workspace-shortcut-switch-10","modifiers":{"control":false,"alt":false,"shift":false,"meta":false,"accel":false},"action":"cmd_zenWorkspaceSwitch10","disabled":false,"reserved":false,"internal":false},{"id":"zen-workspace-switch-9","key":"","keycode":"","group":"zen-workspace","l10nId":"zen-workspace-shortcut-switch-9","modifiers":{"control":false,"alt":false,"shift":false,"meta":false,"accel":false},"action":"cmd_zenWorkspaceSwitch9","disabled":false,"reserved":false,"internal":false},{"id":"zen-workspace-switch-8","key":"","keycode":"","group":"zen-workspace","l10nId":"zen-workspace-shortcut-switch-8","modifiers":{"control":false,"alt":false,"shift":false,"meta":false,"accel":false},"action":"cmd_zenWorkspaceSwitch8","disabled":false,"reserved":false,"internal":false},{"id":"zen-workspace-switch-7","key":"","keycode":"","group":"zen-workspace","l10nId":"zen-workspace-shortcut-switch-7","modifiers":{"control":false,"alt":false,"shift":false,"meta":false,"accel":false},"action":"cmd_zenWorkspaceSwitch7","disabled":false,"reserved":false,"internal":false},{"id":"zen-workspace-switch-6","key":"","keycode":"","group":"zen-workspace","l10nId":"zen-workspace-shortcut-switch-6","modifiers":{"control":false,"alt":false,"shift":false,"meta":false,"accel":false},"action":"cmd_zenWorkspaceSwitch6","disabled":false,"reserved":false,"internal":false},{"id":"zen-workspace-switch-5","key":"","keycode":"","group":"zen-workspace","l10nId":"zen-workspace-shortcut-switch-5","modifiers":{"control":false,"alt":false,"shift":false,"meta":false,"accel":false},"action":"cmd_zenWorkspaceSwitch5","disabled":false,"reserved":false,"internal":false},{"id":"zen-workspace-switch-4","key":"","keycode":"","group":"zen-workspace","l10nId":"zen-workspace-shortcut-switch-4","modifiers":{"control":false,"alt":false,"shift":false,"meta":false,"accel":false},"action":"cmd_zenWorkspaceSwitch4","disabled":false,"reserved":false,"internal":false},{"id":"zen-workspace-switch-3","key":"","keycode":"","group":"zen-workspace","l10nId":"zen-workspace-shortcut-switch-3","modifiers":{"control":false,"alt":false,"shift":false,"meta":false,"accel":false},"action":"cmd_zenWorkspaceSwitch3","disabled":false,"reserved":false,"internal":false},{"id":"zen-workspace-switch-2","key":"","keycode":"","group":"zen-workspace","l10nId":"zen-workspace-shortcut-switch-2","modifiers":{"control":false,"alt":false,"shift":false,"meta":false,"accel":false},"action":"cmd_zenWorkspaceSwitch2","disabled":false,"reserved":false,"internal":false},{"id":"zen-workspace-switch-1","key":"","keycode":"","group":"zen-workspace","l10nId":"zen-workspace-shortcut-switch-1","modifiers":{"control":false,"alt":false,"shift":false,"meta":false,"accel":false},"action":"cmd_zenWorkspaceSwitch1","disabled":false,"reserved":false,"internal":false},{"id":"zen-workspace-forward","key":"e","keycode":"","group":"zen-workspace","l10nId":"zen-workspace-shortcut-forward","modifiers":{"control":false,"alt":true,"shift":false,"meta":false,"accel":true},"action":"cmd_zenWorkspaceForward","disabled":false,"reserved":false,"internal":false},{"id":"zen-workspace-backward","key":"q","keycode":"","group":"zen-workspace","l10nId":"zen-workspace-shortcut-backward","modifiers":{"control":false,"alt":true,"shift":false,"meta":false,"accel":true},"action":"cmd_zenWorkspaceBackward","disabled":false,"reserved":false,"internal":false},{"id":"zen-split-view-grid","key":"g","keycode":"","group":"zen-split-view","l10nId":"zen-split-view-shortcut-grid","modifiers":{"control":false,"alt":true,"shift":false,"meta":false,"accel":true},"action":"cmd_zenSplitViewGrid","disabled":false,"reserved":false,"internal":false},{"id":"zen-split-view-vertical","key":"v","keycode":"","group":"zen-split-view","l10nId":"zen-split-view-shortcut-vertical","modifiers":{"control":false,"alt":true,"shift":false,"meta":false,"accel":true},"action":"cmd_zenSplitViewVertical","disabled":false,"reserved":false,"internal":false},{"id":"zen-split-view-horizontal","key":"h","keycode":"","group":"zen-split-view","l10nId":"zen-split-view-shortcut-horizontal","modifiers":{"control":false,"alt":true,"shift":false,"meta":false,"accel":true},"action":"cmd_zenSplitViewHorizontal","disabled":false,"reserved":false,"internal":false},{"id":"zen-split-view-unsplit","key":"u","keycode":"","group":"zen-split-view","l10nId":"zen-split-view-shortcut-unsplit","modifiers":{"control":false,"alt":true,"shift":false,"meta":false,"accel":true},"action":"cmd_zenSplitViewUnsplit","disabled":false,"reserved":false,"internal":false},{"id":"zen-pinned-tab-reset-shortcut","key":"","keycode":"","group":"zen-other","l10nId":"zen-pinned-tab-shortcut-reset","modifiers":{"control":false,"alt":false,"shift":false,"meta":false,"accel":false},"action":"cmd_zenPinnedTabReset","disabled":false,"reserved":false,"internal":false},{"id":"zen-toggle-sidebar","key":"b","keycode":"","group":"zen-other","l10nId":"zen-sidebar-shortcut-toggle","modifiers":{"control":false,"alt":true,"shift":false,"meta":false,"accel":false},"action":"cmd_zenToggleSidebar","disabled":false,"reserved":false,"internal":false},{"id":"zen-copy-url","key":"c","keycode":"","group":"zen-other","l10nId":"zen-text-action-copy-url-shortcut","modifiers":{"control":false,"alt":false,"shift":true,"meta":false,"accel":true},"action":"cmd_zenCopyCurrentURL","disabled":false,"reserved":false,"internal":false},{"id":"zen-copy-url-markdown","key":"c","keycode":"","group":"zen-other","l10nId":"zen-text-action-copy-url-markdown-shortcut","modifiers":{"control":false,"alt":true,"shift":true,"meta":false,"accel":true},"action":"cmd_zenCopyCurrentURLMarkdown","disabled":false,"reserved":false,"internal":false},{"id":"key_accessibility","keycode":"VK_F12","group":"devTools","l10nId":null,"modifiers":{"control":false,"alt":false,"shift":true,"meta":false,"accel":false},"action":null,"disabled":false,"reserved":false,"internal":false},{"id":"key_dom","key":"w","keycode":null,"group":"devTools","l10nId":null,"modifiers":{"control":false,"alt":false,"shift":true,"meta":false,"accel":true},"action":null,"disabled":false,"reserved":false,"internal":false},{"id":"key_storage","keycode":"VK_F9","group":"devTools","l10nId":null,"modifiers":{"control":false,"alt":false,"shift":true,"meta":false,"accel":false},"action":null,"disabled":false,"reserved":false,"internal":false},{"id":"key_performance","keycode":"VK_F5","group":"devTools","l10nId":null,"modifiers":{"control":false,"alt":false,"shift":true,"meta":false,"accel":false},"action":null,"disabled":false,"reserved":false,"internal":false},{"id":"key_styleeditor","keycode":"VK_F7","group":"devTools","l10nId":null,"modifiers":{"control":false,"alt":false,"shift":true,"meta":false,"accel":false},"action":null,"disabled":false,"reserved":false,"internal":false},{"id":"key_netmonitor","key":"e","keycode":null,"group":"devTools","l10nId":null,"modifiers":{"control":false,"alt":false,"shift":true,"meta":false,"accel":true},"action":null,"disabled":false,"reserved":false,"internal":false},{"id":"key_jsdebugger","key":"z","keycode":null,"group":"devTools","l10nId":null,"modifiers":{"control":false,"alt":false,"shift":true,"meta":false,"accel":true},"action":null,"disabled":false,"reserved":false,"internal":false},{"id":"key_webconsole","key":"k","keycode":null,"group":"devTools","l10nId":null,"modifiers":{"control":false,"alt":false,"shift":true,"meta":false,"accel":true},"action":null,"disabled":false,"reserved":false,"internal":false},{"id":"key_inspector","key":"l","keycode":null,"group":"devTools","l10nId":null,"modifiers":{"control":false,"alt":false,"shift":true,"meta":false,"accel":true},"action":null,"disabled":false,"reserved":false,"internal":false},{"id":"key_responsiveDesignMode","key":"m","keycode":null,"group":"devTools","l10nId":null,"modifiers":{"control":false,"alt":false,"shift":true,"meta":false,"accel":true},"action":null,"disabled":false,"reserved":false,"internal":false},{"id":"key_browserConsole","key":"j","keycode":null,"group":"devTools","l10nId":null,"modifiers":{"control":false,"alt":false,"shift":true,"meta":false,"accel":true},"action":null,"disabled":false,"reserved":false,"internal":false},{"id":"key_browserToolbox","key":"i","keycode":null,"group":"devTools","l10nId":null,"modifiers":{"control":false,"alt":true,"shift":true,"meta":false,"accel":true},"action":null,"disabled":false,"reserved":false,"internal":false},{"id":"key_toggleToolbox","key":"i","keycode":null,"group":"devTools","l10nId":null,"modifiers":{"control":false,"alt":false,"shift":true,"meta":false,"accel":true},"action":null,"disabled":false,"reserved":false,"internal":false}]}