{
  "_generated": "Generated by SweetTooth, do not edit",
  "description": "Put Gnome Tweaks, Extensions, Extension Manager and any other application in the System menu.",
  "gettext-domain": "tweaks-system-menu",
  "name": "Tweaks & Extensions in System Menu",
  "settings-schema": "org.gnome.shell.extensions.tweaks-system-menu",
  "shell-version": [
    "45",
    "46",
    "47",
    "48"
  ],
  "url": "https://github.com/F-i-f/tweaks-system-menu",
  "uuid": "tweaks-system-menu@extensions.gnome-shell.fifi.org",
  "vcs_revision": "v24-0-g6dd8228",
  "version": 24
}