[{"oldState":0,"newState":1,"wallTimeSecs":1750174513},{"oldState":1,"newState":0,"wallTimeSecs":1750174639},{"oldState":0,"newState":1,"wallTimeSecs":1750257329},{"oldState":1,"newState":0,"wallTimeSecs":1750257483},{"oldState":0,"newState":1,"wallTimeSecs":1750333329},{"oldState":1,"newState":0,"wallTimeSecs":1750336665},{"oldState":0,"newState":1,"wallTimeSecs":1750336676},{"oldState":1,"newState":0,"wallTimeSecs":1750337121},{"oldState":0,"newState":1,"wallTimeSecs":1750337131},{"oldState":1,"newState":0,"wallTimeSecs":1750341842},{"oldState":0,"newState":1,"wallTimeSecs":1750341853},{"oldState":1,"newState":0,"wallTimeSecs":1750341993},{"oldState":0,"newState":1,"wallTimeSecs":1750342003},{"oldState":1,"newState":0,"wallTimeSecs":1750342033},{"oldState":0,"newState":1,"wallTimeSecs":1750342112},{"oldState":1,"newState":0,"wallTimeSecs":1750343060},{"oldState":0,"newState":1,"wallTimeSecs":1750343138},{"oldState":1,"newState":0,"wallTimeSecs":1750346584},{"oldState":0,"newState":1,"wallTimeSecs":1750346589},{"oldState":1,"newState":0,"wallTimeSecs":1750348191},{"oldState":0,"newState":1,"wallTimeSecs":1750380043},{"oldState":1,"newState":0,"wallTimeSecs":1750383179},{"oldState":0,"newState":1,"wallTimeSecs":1750383229},{"oldState":1,"newState":0,"wallTimeSecs":1750390242},{"oldState":0,"newState":1,"wallTimeSecs":1750390253},{"oldState":1,"newState":0,"wallTimeSecs":1750390595},{"oldState":0,"newState":1,"wallTimeSecs":1750390606},{"oldState":1,"newState":0,"wallTimeSecs":1750391090}]