[
    {
        "data": [
            {
                "allowDdcCi": true,
                "allowSdrSoftwareBrightness": false,
                "autoRotation": "InTabletMode",
                "brightness": 1,
                "colorPowerTradeoff": "PreferAccuracy",
                "colorProfileSource": "EDID",
                "connectorName": "LVDS-1",
                "detectedDdcCi": false,
                "edidHash": "8676340ae1f85017457a19d4b4952035",
                "edidIdentifier": "SEC 17730 0 0 2009 0",
                "edrPolicy": "always",
                "highDynamicRange": false,
                "iccProfilePath": "",
                "maxBitsPerColor": 0,
                "mode": {
                    "height": 768,
                    "refreshRate": 59998,
                    "width": 1366
                },
                "overscan": 0,
                "rgbRange": "Automatic",
                "scale": 1,
                "sdrBrightness": 200,
                "sdrGamutWideness": 1,
                "transform": "Normal",
                "uuid": "8cbe2bc6-0e37-4ace-b0ef-76054d74699c",
                "vrrPolicy": "Never",
                "wideColorGamut": false
            },
            {
                "allowDdcCi": true,
                "allowSdrSoftwareBrightness": true,
                "autoRotation": "InTabletMode",
                "brightness": 1,
                "colorPowerTradeoff": "PreferEfficiency",
                "colorProfileSource": "sRGB",
                "connectorName": "HDMI-A-1",
                "detectedDdcCi": false,
                "edrPolicy": "always",
                "highDynamicRange": false,
                "iccProfilePath": "",
                "mode": {
                    "height": 1080,
                    "refreshRate": 60000,
                    "width": 1920
                },
                "overscan": 0,
                "rgbRange": "Automatic",
                "scale": 1,
                "sdrBrightness": 200,
                "sdrGamutWideness": 0,
                "transform": "Normal",
                "uuid": "70a8d843-9969-4554-8e72-2558e0146b8e",
                "vrrPolicy": "Never",
                "wideColorGamut": false
            },
            {
                "allowDdcCi": true,
                "allowSdrSoftwareBrightness": true,
                "autoRotation": "InTabletMode",
                "brightness": 1,
                "colorPowerTradeoff": "PreferAccuracy",
                "colorProfileSource": "EDID",
                "connectorName": "HDMI-A-1",
                "detectedDdcCi": false,
                "edidHash": "1af21a7d807a2929bd7765618e38d248",
                "edidIdentifier": "TSB 272 16843009 0 0 2013",
                "edrPolicy": "always",
                "highDynamicRange": false,
                "iccProfilePath": "",
                "mode": {
                    "height": 768,
                    "refreshRate": 60015,
                    "width": 1360
                },
                "overscan": 0,
                "rgbRange": "Automatic",
                "scale": 1,
                "sdrBrightness": 200,
                "sdrGamutWideness": 0,
                "transform": "Normal",
                "uuid": "e1a74978-4c10-4321-95a6-8c6dfba0da8c",
                "vrrPolicy": "Never",
                "wideColorGamut": false
            },
            {
                "allowDdcCi": true,
                "allowSdrSoftwareBrightness": true,
                "autoRotation": "InTabletMode",
                "brightness": 1,
                "colorPowerTradeoff": "PreferEfficiency",
                "colorProfileSource": "sRGB",
                "connectorName": "HDMI-A-1",
                "detectedDdcCi": false,
                "edidHash": "9dd09194db0f75f06094d1964e416792",
                "edrPolicy": "always",
                "highDynamicRange": false,
                "iccProfilePath": "",
                "mode": {
                    "height": 1080,
                    "refreshRate": 60000,
                    "width": 1920
                },
                "overscan": 0,
                "rgbRange": "Automatic",
                "scale": 1,
                "sdrBrightness": 200,
                "sdrGamutWideness": 0,
                "transform": "Normal",
                "uuid": "1543154d-4b87-44ca-8dfa-829db81350e6",
                "vrrPolicy": "Never",
                "wideColorGamut": false
            }
        ],
        "name": "outputs"
    },
    {
        "data": [
            {
                "lidClosed": false,
                "outputs": [
                    {
                        "enabled": true,
                        "outputIndex": 0,
                        "position": {
                            "x": 0,
                            "y": 0
                        },
                        "priority": 0,
                        "replicationSource": ""
                    }
                ]
            },
            {
                "lidClosed": false,
                "outputs": [
                    {
                        "enabled": true,
                        "outputIndex": 0,
                        "position": {
                            "x": 0,
                            "y": 0
                        },
                        "priority": 0,
                        "replicationSource": ""
                    },
                    {
                        "enabled": true,
                        "outputIndex": 1,
                        "position": {
                            "x": 1366,
                            "y": 0
                        },
                        "priority": 1,
                        "replicationSource": ""
                    }
                ]
            },
            {
                "lidClosed": false,
                "outputs": [
                    {
                        "enabled": true,
                        "outputIndex": 0,
                        "position": {
                            "x": 0,
                            "y": 0
                        },
                        "priority": 0,
                        "replicationSource": ""
                    },
                    {
                        "enabled": false,
                        "outputIndex": 2,
                        "position": {
                            "x": 0,
                            "y": 0
                        },
                        "priority": -1,
                        "replicationSource": ""
                    }
                ]
            },
            {
                "lidClosed": false,
                "outputs": [
                    {
                        "enabled": true,
                        "outputIndex": 0,
                        "position": {
                            "x": 0,
                            "y": 0
                        },
                        "priority": 0,
                        "replicationSource": ""
                    },
                    {
                        "enabled": true,
                        "outputIndex": 3,
                        "position": {
                            "x": 1366,
                            "y": 0
                        },
                        "priority": 1,
                        "replicationSource": ""
                    }
                ]
            }
        ],
        "name": "setups"
    }
]
