{
  "_generated": "Generated by SweetTooth, do not edit",
  "description": "Let's tweak gnome's quick settings! You can add Media Controls, Notifications, Volume Mixer on quick settings and remove useless buttons!",
  "donations": {
    "github": "qwreey"
  },
  "gettext-domain": "quick-settings-tweaks",
  "name": "Quick Settings Tweaks",
  "settings-schema": "org.gnome.shell.extensions.quick-settings-tweaks",
  "shell-version": [
    "46",
    "47",
    "48"
  ],
  "url": "https://github.com/qwreey/quick-settings-tweaks",
  "uuid": "quick-settings-tweaks@qwreey",
  "version": 29
}